file,rel_path,dpi,crop_px,root_min_border_px,root_would_be_cut,border_dark_before,border_dark_after
F28-002.jpg,图片\0807\F28-002.jpg,600.0,59,0,True,6.79,0.27
F46-002.jpg,图片\0807\F46-002.jpg,600.0,59,0,True,5.39,0.61
F52-003.jpg,图片\0807\F52-003.jpg,600.0,59,0,True,5.57,0.74
G22-001.jpg,图片\0807\G22-001.jpg,600.0,59,0,True,27.34,3.79
G23-001.jpg,图片\0807\G23-001.jpg,600.0,59,0,True,4.16,2.49
G23-002.jpg,图片\0807\G23-002.jpg,600.0,59,0,True,1.47,0.56
G23-003.jpg,图片\0807\G23-003.jpg,600.0,59,0,True,2.66,0.46
G27-002.jpg,图片\0807\G27-002.jpg,600.0,59,0,True,3.61,1.01
G27-003.jpg,图片\0807\G27-003.jpg,600.0,59,0,True,1.97,0.65
G28-001.jpg,图片\0807\G28-001.jpg,600.0,59,0,True,2.33,0.46
G28-002.jpg,图片\0807\G28-002.jpg,600.0,59,0,True,18.66,13.24
G28-003.jpg,图片\0807\G28-003.jpg,600.0,59,0,True,15.17,3.07
G31-001.jpg,图片\0807\G31-001.jpg,600.0,59,0,True,41.14,31.97
G31-002.jpg,图片\0807\G31-002.jpg,600.0,59,0,True,1.45,0.21
G31-003.jpg,图片\0807\G31-003.jpg,600.0,59,0,True,15.0,6.28
G44-001.jpg,图片\0807\G44-001.jpg,600.0,59,0,True,13.09,2.27
G44-002.jpg,图片\0807\G44-002.jpg,600.0,59,179,False,4.37,0.75
G44-003.jpg,图片\0807\G44-003.jpg,600.0,59,0,True,4.74,0.8
G46-002.jpg,图片\0807\G46-002.jpg,600.0,59,0,True,14.32,1.32
G46-003.jpg,图片\0807\G46-003.jpg,600.0,59,0,True,1.98,0.34
G52-001.jpg,图片\0807\G52-001.jpg,600.0,59,0,True,10.82,2.6
G52-002.jpg,图片\0807\G52-002.jpg,600.0,59,0,True,5.25,1.78
G52-003.jpg,图片\0807\G52-003.jpg,600.0,59,0,True,44.48,29.6
G62-001.jpg,图片\0807\G62-001.jpg,600.0,59,0,True,1.59,0.18
G62-002.jpg,图片\0807\G62-002.jpg,600.0,59,0,True,1.48,0.77
G62-003.jpg,图片\0807\G62-003.jpg,600.0,59,0,True,4.62,2.2
G66-001.jpg,图片\0807\G66-001.jpg,600.0,59,0,True,18.05,2.98
G66-002.jpg,图片\0807\G66-002.jpg,600.0,59,0,True,1.48,0.56
G66-003.jpg,图片\0807\G66-003.jpg,600.0,59,0,True,1.7,0.21
G7-001.jpg,图片\0807\G7-001.jpg,600.0,59,0,True,2.0,0.7
G7-002.jpg,图片\0807\G7-002.jpg,600.0,59,0,True,42.82,19.25
G7-003.jpg,图片\0807\G7-003.jpg,600.0,59,0,True,9.92,1.25
G74-001.jpg,图片\0807\G74-001.jpg,600.0,59,0,True,40.15,28.35
G74-002.jpg,图片\0807\G74-002.jpg,600.0,59,0,True,17.95,5.17
G74-003.jpg,图片\0807\G74-003.jpg,600.0,59,0,True,1.55,0.14
G80-001.jpg,图片\0807\G80-001.jpg,600.0,59,0,True,17.92,3.24
G80-002.jpg,图片\0807\G80-002.jpg,600.0,59,0,True,15.7,5.61
G80-003.jpg,图片\0807\G80-003.jpg,600.0,59,0,True,16.44,11.75
G86-001.jpg,图片\0807\G86-001.jpg,600.0,59,0,True,11.61,0.56
G86-002.jpg,图片\0807\G86-002.jpg,600.0,59,0,True,16.99,8.22
G86-003.jpg,图片\0807\G86-003.jpg,600.0,59,0,True,3.15,0.55
F120-001.jpg,图片\0808\F120-001.jpg,600.0,59,0,True,5.54,0.66
F120-002.jpg,图片\0808\F120-002.jpg,600.0,59,0,True,6.44,1.84
F120-003.jpg,图片\0808\F120-003.jpg,600.0,59,0,True,4.78,0.15
F121-001.jpg,图片\0808\F121-001.jpg,600.0,59,0,True,6.75,0.32
F121-002.jpg,图片\0808\F121-002.jpg,600.0,59,0,True,6.48,0.29
F121-003.jpg,图片\0808\F121-003.jpg,600.0,59,0,True,6.58,0.35
G120-001.jpg,图片\0808\G120-001.jpg,600.0,59,0,True,2.07,0.36
G120-002.jpg,图片\0808\G120-002.jpg,600.0,59,0,True,1.99,0.95
G120-003.jpg,图片\0808\G120-003.jpg,600.0,59,0,True,1.7,0.19
G121-001.jpg,图片\0808\G121-001.jpg,600.0,59,0,True,4.35,0.25
G121-002.jpg,图片\0808\G121-002.jpg,600.0,59,0,True,3.74,0.42
G121-003.jpg,图片\0808\G121-003.jpg,600.0,59,0,True,2.72,0.15
F114-001.jpg,图片\0811\F114-001.jpg,600.0,59,0,True,2.05,0.28
F114-003.jpg,图片\0811\F114-003.jpg,600.0,59,0,True,2.02,0.27
F126-001.jpg,图片\0811\F126-001.jpg,600.0,59,0,True,1.73,0.26
F126-002.jpg,图片\0811\F126-002.jpg,600.0,59,0,True,1.79,0.23
F126-003.jpg,图片\0811\F126-003.jpg,600.0,59,0,True,1.59,0.23
F134-001.jpg,图片\0811\F134-001.jpg,600.0,59,0,True,1.41,0.15
F134-002.jpg,图片\0811\F134-002.jpg,600.0,59,0,True,1.52,0.14
F134-003.jpg,图片\0811\F134-003.jpg,600.0,59,0,True,1.68,0.16
F136-001.jpg,图片\0811\F136-001.jpg,600.0,59,0,True,1.35,0.47
F136-002.jpg,图片\0811\F136-002.jpg,600.0,59,0,True,1.42,0.47
F136-003.jpg,图片\0811\F136-003.jpg,600.0,59,0,True,1.32,0.48
F146-002.jpg,图片\0811\F146-002.jpg,600.0,59,0,True,2.25,0.25
F146-003.jpg,图片\0811\F146-003.jpg,600.0,59,0,True,1.89,0.22
F160-001.jpg,图片\0811\F160-001.jpg,600.0,59,0,True,1.63,0.22
F160-002.jpg,图片\0811\F160-002.jpg,600.0,59,0,True,1.69,0.18
F160-003.jpg,图片\0811\F160-003.jpg,600.0,59,0,True,2.03,0.35
F162-001.jpg,图片\0811\F162-001.jpg,600.0,59,0,True,1.85,0.29
F162-002.jpg,图片\0811\F162-002.jpg,600.0,59,0,True,1.82,0.29
F166-001.jpg,图片\0811\F166-001.jpg,600.0,59,0,True,1.64,0.37
F166-002.jpg,图片\0811\F166-002.jpg,600.0,59,0,True,1.63,0.42
F166-003.jpg,图片\0811\F166-003.jpg,600.0,59,0,True,1.58,0.21
F169-001.jpg,图片\0811\F169-001.jpg,600.0,59,0,True,1.74,0.47
F169-002.jpg,图片\0811\F169-002.jpg,600.0,59,0,True,1.79,0.48
F169-003.jpg,图片\0811\F169-003.jpg,600.0,59,0,True,1.88,0.38
F185-001.jpg,图片\0811\F185-001.jpg,600.0,59,0,True,1.56,0.15
F185-002.jpg,图片\0811\F185-002.jpg,600.0,59,0,True,1.93,0.2
F185-003.jpg,图片\0811\F185-003.jpg,600.0,59,0,True,1.69,0.41
F299-001.jpg,图片\0811\F299-001.jpg,600.0,59,0,True,1.69,0.27
F299-002.jpg,图片\0811\F299-002.jpg,600.0,59,0,True,1.57,0.26
F299-003.jpg,图片\0811\F299-003.jpg,600.0,59,0,True,3.26,0.27
F88-001.jpg,图片\0811\F88-001.jpg,600.0,59,0,True,1.89,0.23
F88-002.jpg,图片\0811\F88-002.jpg,600.0,59,0,True,2.31,0.25
F88-003.jpg,图片\0811\F88-003.jpg,600.0,59,0,True,3.21,0.29
F90-001.jpg,图片\0811\F90-001.jpg,600.0,59,0,True,11.01,0.3
F90-002.jpg,图片\0811\F90-002.jpg,600.0,59,0,True,1.29,0.18
F90-003.jpg,图片\0811\F90-003.jpg,600.0,59,0,True,1.41,0.23
F91-001.jpg,图片\0811\F91-001.jpg,600.0,59,0,True,1.69,0.14
F91-002.jpg,图片\0811\F91-002.jpg,600.0,59,0,True,1.42,0.14
F91-003.jpg,图片\0811\F91-003.jpg,600.0,59,0,True,1.46,0.15
G207-002.jpg,图片\0814\G207-002.jpg,720.0,71,0,True,6.09,1.58
G218-001.jpg,图片\0814\G218-001.jpg,600.0,59,0,True,4.61,1.01
G218-002.jpg,图片\0814\G218-002.jpg,600.0,59,0,True,5.84,1.02
G224-001.jpg,图片\0814\G224-001.jpg,720.0,71,0,True,6.2,0.93
G245-002.jpg,图片\0814\G245-002.jpg,720.0,71,0,True,7.92,1.24
G258-001.jpg,图片\0814\G258-001.jpg,720.0,71,0,True,5.9,1.73
G258-003.jpg,图片\0814\G258-003.jpg,720.0,71,0,True,6.4,1.6
G270-002.jpg,图片\0814\G270-002.jpg,720.0,71,0,True,5.21,1.44
G281-001.jpg,图片\0814\G281-001.jpg,720.0,71,0,True,5.49,1.03
G281-002.jpg,图片\0814\G281-002.jpg,720.0,71,0,True,5.87,1.12
G281-003.jpg,图片\0814\G281-003.jpg,720.0,71,0,True,7.85,1.35
G296-003.jpg,图片\0814\G296-003.jpg,720.0,71,0,True,9.72,1.22
F120-003.jpg,图片\F120-003.jpg,600.0,59,0,True,3.12,0.13
G136-002.jpg,图片\G136-002.jpg,600.0,59,0,True,1.97,0.24
