rel_path,batch,width_px,height_px,dpi,mm_per_px,scan_width_mm,scan_height_mm,px_per_mm
图片\0807\F28-002.jpg,0807,4962,7019,600.0,0.042333,210.06,297.14,23.622
图片\0807\F46-002.jpg,0807,4962,7019,600.0,0.042333,210.06,297.14,23.622
图片\0807\F52-003.jpg,0807,4962,7019,600.0,0.042333,210.06,297.14,23.622
图片\0807\G22-001.jpg,0807,4962,7019,600.0,0.042333,210.06,297.14,23.622
图片\0807\G23-001.jpg,0807,4962,7019,600.0,0.042333,210.06,297.14,23.622
图片\0807\G23-002.jpg,0807,4962,7019,600.0,0.042333,210.06,297.14,23.622
图片\0807\G23-003.jpg,0807,4962,7019,600.0,0.042333,210.06,297.14,23.622
图片\0807\G27-002.jpg,0807,4962,7019,600.0,0.042333,210.06,297.14,23.622
图片\0807\G27-003.jpg,0807,4962,7019,600.0,0.042333,210.06,297.14,23.622
图片\0807\G28-001.jpg,0807,4962,7019,600.0,0.042333,210.06,297.14,23.622
图片\0807\G28-002.jpg,0807,4962,7019,600.0,0.042333,210.06,297.14,23.622
图片\0807\G28-003.jpg,0807,4962,7019,600.0,0.042333,210.06,297.14,23.622
图片\0807\G31-001.jpg,0807,4962,7019,600.0,0.042333,210.06,297.14,23.622
图片\0807\G31-002.jpg,0807,4962,7019,600.0,0.042333,210.06,297.14,23.622
图片\0807\G31-003.jpg,0807,4962,7019,600.0,0.042333,210.06,297.14,23.622
图片\0807\G44-001.jpg,0807,4962,7019,600.0,0.042333,210.06,297.14,23.622
图片\0807\G44-002.jpg,0807,4962,7019,600.0,0.042333,210.06,297.14,23.622
图片\0807\G44-003.jpg,0807,4962,7019,600.0,0.042333,210.06,297.14,23.622
图片\0807\G46-002.jpg,0807,4962,7019,600.0,0.042333,210.06,297.14,23.622
图片\0807\G46-003.jpg,0807,4962,7019,600.0,0.042333,210.06,297.14,23.622
图片\0807\G52-001.jpg,0807,4962,7019,600.0,0.042333,210.06,297.14,23.622
图片\0807\G52-002.jpg,0807,4962,7019,600.0,0.042333,210.06,297.14,23.622
图片\0807\G52-003.jpg,0807,4962,7019,600.0,0.042333,210.06,297.14,23.622
图片\0807\G62-001.jpg,0807,4962,7019,600.0,0.042333,210.06,297.14,23.622
图片\0807\G62-002.jpg,0807,4962,7019,600.0,0.042333,210.06,297.14,23.622
图片\0807\G62-003.jpg,0807,4962,7019,600.0,0.042333,210.06,297.14,23.622
图片\0807\G66-001.jpg,0807,4962,7019,600.0,0.042333,210.06,297.14,23.622
图片\0807\G66-002.jpg,0807,4962,7019,600.0,0.042333,210.06,297.14,23.622
图片\0807\G66-003.jpg,0807,4962,7019,600.0,0.042333,210.06,297.14,23.622
图片\0807\G7-001.jpg,0807,4962,7019,600.0,0.042333,210.06,297.14,23.622
图片\0807\G7-002.jpg,0807,4962,7019,600.0,0.042333,210.06,297.14,23.622
图片\0807\G7-003.jpg,0807,4962,7019,600.0,0.042333,210.06,297.14,23.622
图片\0807\G74-001.jpg,0807,4962,7019,600.0,0.042333,210.06,297.14,23.622
图片\0807\G74-002.jpg,0807,4962,7019,600.0,0.042333,210.06,297.14,23.622
图片\0807\G74-003.jpg,0807,4962,7019,600.0,0.042333,210.06,297.14,23.622
图片\0807\G80-001.jpg,0807,4962,7019,600.0,0.042333,210.06,297.14,23.622
图片\0807\G80-002.jpg,0807,4962,7019,600.0,0.042333,210.06,297.14,23.622
图片\0807\G80-003.jpg,0807,4962,7019,600.0,0.042333,210.06,297.14,23.622
图片\0807\G86-001.jpg,0807,4962,7019,600.0,0.042333,210.06,297.14,23.622
图片\0807\G86-002.jpg,0807,4962,7019,600.0,0.042333,210.06,297.14,23.622
图片\0807\G86-003.jpg,0807,4962,7019,600.0,0.042333,210.06,297.14,23.622
图片\0808\F120-001.jpg,0808,4962,7019,600.0,0.042333,210.06,297.14,23.622
图片\0808\F120-002.jpg,0808,4962,7019,600.0,0.042333,210.06,297.14,23.622
图片\0808\F120-003.jpg,0808,4962,7019,600.0,0.042333,210.06,297.14,23.622
图片\0808\F121-001.jpg,0808,4962,7019,600.0,0.042333,210.06,297.14,23.622
图片\0808\F121-002.jpg,0808,4962,7019,600.0,0.042333,210.06,297.14,23.622
图片\0808\F121-003.jpg,0808,4962,7019,600.0,0.042333,210.06,297.14,23.622
图片\0808\G120-001.jpg,0808,4962,7019,600.0,0.042333,210.06,297.14,23.622
图片\0808\G120-002.jpg,0808,4962,7019,600.0,0.042333,210.06,297.14,23.622
图片\0808\G120-003.jpg,0808,4962,7019,600.0,0.042333,210.06,297.14,23.622
图片\0808\G121-001.jpg,0808,4962,7019,600.0,0.042333,210.06,297.14,23.622
图片\0808\G121-002.jpg,0808,4962,7019,600.0,0.042333,210.06,297.14,23.622
图片\0808\G121-003.jpg,0808,4962,7019,600.0,0.042333,210.06,297.14,23.622
图片\0811\F114-001.jpg,0811,4962,7019,600.0,0.042333,210.06,297.14,23.622
图片\0811\F114-003.jpg,0811,4962,7019,600.0,0.042333,210.06,297.14,23.622
图片\0811\F126-001.jpg,0811,4962,7019,600.0,0.042333,210.06,297.14,23.622
图片\0811\F126-002.jpg,0811,4962,7019,600.0,0.042333,210.06,297.14,23.622
图片\0811\F126-003.jpg,0811,4962,7019,600.0,0.042333,210.06,297.14,23.622
图片\0811\F134-001.jpg,0811,4962,7019,600.0,0.042333,210.06,297.14,23.622
图片\0811\F134-002.jpg,0811,4962,7019,600.0,0.042333,210.06,297.14,23.622
图片\0811\F134-003.jpg,0811,4962,7019,600.0,0.042333,210.06,297.14,23.622
图片\0811\F136-001.jpg,0811,4962,7019,600.0,0.042333,210.06,297.14,23.622
图片\0811\F136-002.jpg,0811,4962,7019,600.0,0.042333,210.06,297.14,23.622
图片\0811\F136-003.jpg,0811,4962,7019,600.0,0.042333,210.06,297.14,23.622
图片\0811\F146-002.jpg,0811,4962,7019,600.0,0.042333,210.06,297.14,23.622
图片\0811\F146-003.jpg,0811,4962,7019,600.0,0.042333,210.06,297.14,23.622
图片\0811\F160-001.jpg,0811,4962,7019,600.0,0.042333,210.06,297.14,23.622
图片\0811\F160-002.jpg,0811,4962,7019,600.0,0.042333,210.06,297.14,23.622
图片\0811\F160-003.jpg,0811,4962,7019,600.0,0.042333,210.06,297.14,23.622
图片\0811\F162-001.jpg,0811,4962,7019,600.0,0.042333,210.06,297.14,23.622
图片\0811\F162-002.jpg,0811,4962,7019,600.0,0.042333,210.06,297.14,23.622
图片\0811\F166-001.jpg,0811,4962,7019,600.0,0.042333,210.06,297.14,23.622
图片\0811\F166-002.jpg,0811,4962,7019,600.0,0.042333,210.06,297.14,23.622
图片\0811\F166-003.jpg,0811,4962,7019,600.0,0.042333,210.06,297.14,23.622
图片\0811\F169-001.jpg,0811,4962,7019,600.0,0.042333,210.06,297.14,23.622
图片\0811\F169-002.jpg,0811,4962,7019,600.0,0.042333,210.06,297.14,23.622
图片\0811\F169-003.jpg,0811,4962,7019,600.0,0.042333,210.06,297.14,23.622
图片\0811\F185-001.jpg,0811,4962,7019,600.0,0.042333,210.06,297.14,23.622
图片\0811\F185-002.jpg,0811,4962,7019,600.0,0.042333,210.06,297.14,23.622
图片\0811\F185-003.jpg,0811,4962,7019,600.0,0.042333,210.06,297.14,23.622
图片\0811\F299-001.jpg,0811,4962,7019,600.0,0.042333,210.06,297.14,23.622
图片\0811\F299-002.jpg,0811,4962,7019,600.0,0.042333,210.06,297.14,23.622
图片\0811\F299-003.jpg,0811,4962,7019,600.0,0.042333,210.06,297.14,23.622
图片\0811\F88-001.jpg,0811,4962,7019,600.0,0.042333,210.06,297.14,23.622
图片\0811\F88-002.jpg,0811,4962,7019,600.0,0.042333,210.06,297.14,23.622
图片\0811\F88-003.jpg,0811,4962,7019,600.0,0.042333,210.06,297.14,23.622
图片\0811\F90-001.jpg,0811,4962,7019,600.0,0.042333,210.06,297.14,23.622
图片\0811\F90-002.jpg,0811,4962,7019,600.0,0.042333,210.06,297.14,23.622
图片\0811\F90-003.jpg,0811,4962,7019,600.0,0.042333,210.06,297.14,23.622
图片\0811\F91-001.jpg,0811,4962,7019,600.0,0.042333,210.06,297.14,23.622
图片\0811\F91-002.jpg,0811,4962,7019,600.0,0.042333,210.06,297.14,23.622
图片\0811\F91-003.jpg,0811,4962,7019,600.0,0.042333,210.06,297.14,23.622
图片\0814\G207-002.jpg,0814,5954,8423,720.0,0.035278,210.04,297.14,28.3465
图片\0814\G218-001.jpg,0814,4962,7019,600.0,0.042333,210.06,297.14,23.622
图片\0814\G218-002.jpg,0814,5100,7019,600.0,0.042333,215.9,297.14,23.622
图片\0814\G224-001.jpg,0814,5954,8423,720.0,0.035278,210.04,297.14,28.3465
图片\0814\G245-002.jpg,0814,5954,8423,720.0,0.035278,210.04,297.14,28.3465
图片\0814\G258-001.jpg,0814,5954,8423,720.0,0.035278,210.04,297.14,28.3465
图片\0814\G258-003.jpg,0814,5954,8423,720.0,0.035278,210.04,297.14,28.3465
图片\0814\G270-002.jpg,0814,5954,8423,720.0,0.035278,210.04,297.14,28.3465
图片\0814\G281-001.jpg,0814,5954,8423,720.0,0.035278,210.04,297.14,28.3465
图片\0814\G281-002.jpg,0814,5954,8423,720.0,0.035278,210.04,297.14,28.3465
图片\0814\G281-003.jpg,0814,5954,8423,720.0,0.035278,210.04,297.14,28.3465
图片\0814\G296-003.jpg,0814,5954,8423,720.0,0.035278,210.04,297.14,28.3465
图片\F120-003.jpg,图片,4962,7019,600.0,0.042333,210.06,297.14,23.622
图片\G136-002.jpg,图片,4962,7019,600.0,0.042333,210.06,297.14,23.622
图片\树叶003.jpg,图片,4962,7019,600.0,0.042333,210.06,297.14,23.622
图片\树根004.jpg,图片,4962,7019,600.0,0.042333,210.06,297.14,23.622
