rel_path,src_w,src_h,src_dpi,src_mm_w,src_mm_h,excluded,exclude_reason,crop_left_mm,crop_right_mm,crop_top_mm,crop_bottom_mm,out_w,out_h,out_dpi,out_mm_w,out_mm_h,resampled,resample_factor,out_path,out_bytes
图片\0807\F28-002.jpg,4962,7019,600.0,210.06,297.14,False,,0.0,0.0,0.0,2.5,4962,6960,600,210.06,294.64,False,1.0,processed\600dpi\0807\F28-002.jpg,8945852
图片\0807\F46-002.jpg,4962,7019,600.0,210.06,297.14,False,,0.0,0.0,0.0,3.0,4962,6948,600,210.06,294.13,False,1.0,processed\600dpi\0807\F46-002.jpg,8871128
图片\0807\F52-003.jpg,4962,7019,600.0,210.06,297.14,False,,0.0,0.0,0.0,3.5,4962,6936,600,210.06,293.62,False,1.0,processed\600dpi\0807\F52-003.jpg,8900550
图片\0807\G22-001.jpg,4962,7019,600.0,210.06,297.14,False,,8.0,0.0,4.5,0.0,4773,6913,600,202.06,292.65,False,1.0,processed\600dpi\0807\G22-001.jpg,10093980
图片\0807\G23-001.jpg,4962,7019,600.0,210.06,297.14,False,,0.0,0.0,0.0,0.0,4962,7019,600,210.06,297.14,False,1.0,processed\600dpi\0807\G23-001.jpg,8782015
图片\0807\G23-002.jpg,4962,7019,600.0,210.06,297.14,False,,0.0,0.0,0.0,0.0,4962,7019,600,210.06,297.14,False,1.0,processed\600dpi\0807\G23-002.jpg,9031304
图片\0807\G23-003.jpg,4962,7019,600.0,210.06,297.14,False,,0.0,0.0,0.0,0.0,4962,7019,600,210.06,297.14,False,1.0,processed\600dpi\0807\G23-003.jpg,8946274
图片\0807\G27-002.jpg,4962,7019,600.0,210.06,297.14,False,,0.0,0.0,0.0,1.5,4962,6984,600,210.06,295.66,False,1.0,processed\600dpi\0807\G27-002.jpg,9266699
图片\0807\G27-003.jpg,4962,7019,600.0,210.06,297.14,False,,0.0,0.0,0.0,0.0,4962,7019,600,210.06,297.14,False,1.0,processed\600dpi\0807\G27-003.jpg,9218741
图片\0807\G28-001.jpg,4962,7019,600.0,210.06,297.14,False,,0.0,0.0,0.0,0.0,4962,7019,600,210.06,297.14,False,1.0,processed\600dpi\0807\G28-001.jpg,8198460
图片\0807\G28-002.jpg,4962,7019,600.0,210.06,297.14,False,,7.0,0.0,2.0,7.0,4797,6807,600,203.07,288.16,False,1.0,processed\600dpi\0807\G28-002.jpg,8417951
图片\0807\G28-003.jpg,4962,7019,600.0,210.06,297.14,False,,6.0,0.0,3.5,0.0,4820,6936,600,204.05,293.62,False,1.0,processed\600dpi\0807\G28-003.jpg,10156000
图片\0807\G31-001.jpg,4962,7019,600.0,210.06,297.14,False,,8.0,0.0,0.0,3.0,4773,6948,600,202.06,294.13,False,1.0,processed\600dpi\0807\G31-001.jpg,9114764
图片\0807\G31-002.jpg,4962,7019,600.0,210.06,297.14,False,,0.0,0.0,0.0,0.0,4962,7019,600,210.06,297.14,False,1.0,processed\600dpi\0807\G31-002.jpg,9617317
图片\0807\G31-003.jpg,4962,7019,600.0,210.06,297.14,False,,0.0,3.5,9.0,0.0,4879,6806,600,206.54,288.12,False,1.0,processed\600dpi\0807\G31-003.jpg,9470649
图片\0807\G44-001.jpg,4962,7019,600.0,210.06,297.14,False,,5.5,0.0,2.0,0.0,4832,6972,600,204.55,295.15,False,1.0,processed\600dpi\0807\G44-001.jpg,9999918
图片\0807\G44-002.jpg,4962,7019,600.0,210.06,297.14,False,,0.0,0.0,0.0,2.0,4962,6972,600,210.06,295.15,False,1.0,processed\600dpi\0807\G44-002.jpg,7665116
图片\0807\G44-003.jpg,4962,7019,600.0,210.06,297.14,False,,0.0,0.0,0.0,1.5,4962,6984,600,210.06,295.66,False,1.0,processed\600dpi\0807\G44-003.jpg,7647006
图片\0807\G46-002.jpg,4962,7019,600.0,210.06,297.14,False,,5.0,0.0,2.5,0.0,4844,6960,600,205.06,294.64,False,1.0,processed\600dpi\0807\G46-002.jpg,10596860
图片\0807\G46-003.jpg,4962,7019,600.0,210.06,297.14,False,,0.0,0.0,0.0,0.0,4962,7019,600,210.06,297.14,False,1.0,processed\600dpi\0807\G46-003.jpg,7706260
图片\0807\G52-001.jpg,4962,7019,600.0,210.06,297.14,False,,5.0,0.0,5.0,0.0,4844,6901,600,205.06,292.14,False,1.0,processed\600dpi\0807\G52-001.jpg,9690414
图片\0807\G52-002.jpg,4962,7019,600.0,210.06,297.14,False,,0.0,0.0,0.0,2.0,4962,6972,600,210.06,295.15,False,1.0,processed\600dpi\0807\G52-002.jpg,8693509
图片\0807\G52-003.jpg,4962,7019,600.0,210.06,297.14,False,,10.5,0.0,0.0,4.5,4714,6913,600,199.56,292.65,False,1.0,processed\600dpi\0807\G52-003.jpg,8430429
图片\0807\G62-001.jpg,4962,7019,600.0,210.06,297.14,False,,0.0,0.0,0.0,0.0,4962,7019,600,210.06,297.14,False,1.0,processed\600dpi\0807\G62-001.jpg,7908129
图片\0807\G62-002.jpg,4962,7019,600.0,210.06,297.14,False,,0.0,0.0,0.0,0.0,4962,7019,600,210.06,297.14,False,1.0,processed\600dpi\0807\G62-002.jpg,9278167
图片\0807\G62-003.jpg,4962,7019,600.0,210.06,297.14,False,,0.0,0.0,0.0,0.0,4962,7019,600,210.06,297.14,False,1.0,processed\600dpi\0807\G62-003.jpg,8361458
图片\0807\G66-001.jpg,4962,7019,600.0,210.06,297.14,False,,12.5,0.0,6.0,0.0,4667,6877,600,197.57,291.13,False,1.0,processed\600dpi\0807\G66-001.jpg,9100313
图片\0807\G66-002.jpg,4962,7019,600.0,210.06,297.14,False,,0.0,0.0,0.0,0.0,4962,7019,600,210.06,297.14,False,1.0,processed\600dpi\0807\G66-002.jpg,9139376
图片\0807\G66-003.jpg,4962,7019,600.0,210.06,297.14,False,,0.0,0.0,0.0,0.0,4962,7019,600,210.06,297.14,False,1.0,processed\600dpi\0807\G66-003.jpg,7733392
图片\0807\G7-001.jpg,4962,7019,600.0,210.06,297.14,False,,0.0,0.0,0.0,0.0,4962,7019,600,210.06,297.14,False,1.0,processed\600dpi\0807\G7-001.jpg,8990449
图片\0807\G7-002.jpg,4962,7019,600.0,210.06,297.14,False,,9.5,0.0,2.0,4.0,4738,6878,600,200.58,291.17,False,1.0,processed\600dpi\0807\G7-002.jpg,8232512
图片\0807\G7-003.jpg,4962,7019,600.0,210.06,297.14,False,,0.0,4.5,0.0,2.5,4856,6960,600,205.57,294.64,False,1.0,processed\600dpi\0807\G7-003.jpg,9428023
图片\0807\G74-001.jpg,4962,7019,600.0,210.06,297.14,False,,9.0,0.0,1.5,13.5,4749,6665,600,201.04,282.15,False,1.0,processed\600dpi\0807\G74-001.jpg,9702689
图片\0807\G74-002.jpg,4962,7019,600.0,210.06,297.14,False,,6.0,0.0,4.5,0.0,4820,6913,600,204.05,292.65,False,1.0,processed\600dpi\0807\G74-002.jpg,9427667
图片\0807\G74-003.jpg,4962,7019,600.0,210.06,297.14,False,,0.0,0.0,0.0,0.0,4962,7019,600,210.06,297.14,False,1.0,processed\600dpi\0807\G74-003.jpg,6975256
图片\0807\G80-001.jpg,4962,7019,600.0,210.06,297.14,False,,9.0,0.0,2.0,0.0,4749,6972,600,201.04,295.15,False,1.0,processed\600dpi\0807\G80-001.jpg,9615108
图片\0807\G80-002.jpg,4962,7019,600.0,210.06,297.14,False,,4.5,0.0,6.5,0.0,4856,6865,600,205.57,290.62,False,1.0,processed\600dpi\0807\G80-002.jpg,10314151
图片\0807\G80-003.jpg,4962,7019,600.0,210.06,297.14,False,,14.0,0.0,6.5,15.0,4631,6511,600,196.05,275.63,False,1.0,processed\600dpi\0807\G80-003.jpg,9610946
图片\0807\G86-001.jpg,4962,7019,600.0,210.06,297.14,False,,9.0,0.0,1.5,0.0,4749,6984,600,201.04,295.66,False,1.0,processed\600dpi\0807\G86-001.jpg,9750238
图片\0807\G86-002.jpg,4962,7019,600.0,210.06,297.14,False,,7.0,0.0,8.0,0.0,4797,6830,600,203.07,289.14,False,1.0,processed\600dpi\0807\G86-002.jpg,9752948
图片\0807\G86-003.jpg,4962,7019,600.0,210.06,297.14,False,,0.0,0.0,0.0,0.0,4962,7019,600,210.06,297.14,False,1.0,processed\600dpi\0807\G86-003.jpg,8873709
图片\0808\F120-001.jpg,4962,7019,600.0,210.06,297.14,False,,0.0,0.0,0.0,3.0,4962,6948,600,210.06,294.13,False,1.0,processed\600dpi\0808\F120-001.jpg,8810758
图片\0808\F120-002.jpg,4962,7019,600.0,210.06,297.14,False,,0.0,0.0,0.0,3.5,4962,6936,600,210.06,293.62,False,1.0,processed\600dpi\0808\F120-002.jpg,8766209
图片\0808\F120-003.jpg,4962,7019,600.0,210.06,297.14,False,,0.0,0.0,0.0,2.0,4962,6972,600,210.06,295.15,False,1.0,processed\600dpi\0808\F120-003.jpg,7226022
图片\0808\F121-001.jpg,4962,7019,600.0,210.06,297.14,False,,0.0,0.0,0.0,2.5,4962,6960,600,210.06,294.64,False,1.0,processed\600dpi\0808\F121-001.jpg,8456327
图片\0808\F121-002.jpg,4962,7019,600.0,210.06,297.14,False,,0.0,0.0,0.0,3.0,4962,6948,600,210.06,294.13,False,1.0,processed\600dpi\0808\F121-002.jpg,8874948
图片\0808\F121-003.jpg,4962,7019,600.0,210.06,297.14,False,,0.0,0.0,0.0,2.5,4962,6960,600,210.06,294.64,False,1.0,processed\600dpi\0808\F121-003.jpg,8669834
图片\0808\G120-001.jpg,4962,7019,600.0,210.06,297.14,False,,0.0,0.0,0.0,0.0,4962,7019,600,210.06,297.14,False,1.0,processed\600dpi\0808\G120-001.jpg,9920904
图片\0808\G120-002.jpg,4962,7019,600.0,210.06,297.14,False,,0.0,0.0,0.0,0.0,4962,7019,600,210.06,297.14,False,1.0,processed\600dpi\0808\G120-002.jpg,10134850
图片\0808\G120-003.jpg,4962,7019,600.0,210.06,297.14,False,,0.0,0.0,0.0,0.0,4962,7019,600,210.06,297.14,False,1.0,processed\600dpi\0808\G120-003.jpg,9360020
图片\0808\G121-001.jpg,4962,7019,600.0,210.06,297.14,False,,0.0,0.0,0.0,0.0,4962,7019,600,210.06,297.14,False,1.0,processed\600dpi\0808\G121-001.jpg,9489024
图片\0808\G121-002.jpg,4962,7019,600.0,210.06,297.14,False,,0.0,0.0,1.5,0.0,4962,6984,600,210.06,295.66,False,1.0,processed\600dpi\0808\G121-002.jpg,9999438
图片\0808\G121-003.jpg,4962,7019,600.0,210.06,297.14,False,,0.0,0.0,0.0,15.0,4962,6665,600,210.06,282.15,False,1.0,processed\600dpi\0808\G121-003.jpg,8620525
图片\0811\F114-001.jpg,4962,7019,600.0,210.06,297.14,False,,0.0,0.0,0.0,0.0,4962,7019,600,210.06,297.14,False,1.0,processed\600dpi\0811\F114-001.jpg,5811800
图片\0811\F114-003.jpg,4962,7019,600.0,210.06,297.14,False,,0.0,0.0,0.0,0.0,4962,7019,600,210.06,297.14,False,1.0,processed\600dpi\0811\F114-003.jpg,5965865
图片\0811\F126-001.jpg,4962,7019,600.0,210.06,297.14,False,,0.0,0.0,0.0,0.0,4962,7019,600,210.06,297.14,False,1.0,processed\600dpi\0811\F126-001.jpg,6338312
图片\0811\F126-002.jpg,4962,7019,600.0,210.06,297.14,False,,0.0,0.0,0.0,0.0,4962,7019,600,210.06,297.14,False,1.0,processed\600dpi\0811\F126-002.jpg,6534300
图片\0811\F126-003.jpg,4962,7019,600.0,210.06,297.14,False,,0.0,0.0,0.0,0.0,4962,7019,600,210.06,297.14,False,1.0,processed\600dpi\0811\F126-003.jpg,6276426
图片\0811\F134-001.jpg,4962,7019,600.0,210.06,297.14,False,,0.0,0.0,0.0,0.0,4962,7019,600,210.06,297.14,False,1.0,processed\600dpi\0811\F134-001.jpg,6171611
图片\0811\F134-002.jpg,4962,7019,600.0,210.06,297.14,False,,0.0,0.0,0.0,0.0,4962,7019,600,210.06,297.14,False,1.0,processed\600dpi\0811\F134-002.jpg,6168306
图片\0811\F134-003.jpg,4962,7019,600.0,210.06,297.14,False,,0.0,0.0,0.0,0.0,4962,7019,600,210.06,297.14,False,1.0,processed\600dpi\0811\F134-003.jpg,6247582
图片\0811\F136-001.jpg,4962,7019,600.0,210.06,297.14,False,,0.0,0.0,0.0,0.0,4962,7019,600,210.06,297.14,False,1.0,processed\600dpi\0811\F136-001.jpg,6242588
图片\0811\F136-002.jpg,4962,7019,600.0,210.06,297.14,False,,0.0,0.0,0.0,0.0,4962,7019,600,210.06,297.14,False,1.0,processed\600dpi\0811\F136-002.jpg,6329026
图片\0811\F136-003.jpg,4962,7019,600.0,210.06,297.14,False,,0.0,0.0,0.0,0.0,4962,7019,600,210.06,297.14,False,1.0,processed\600dpi\0811\F136-003.jpg,6309497
图片\0811\F146-002.jpg,4962,7019,600.0,210.06,297.14,False,,0.0,0.0,0.0,0.0,4962,7019,600,210.06,297.14,False,1.0,processed\600dpi\0811\F146-002.jpg,6281653
图片\0811\F146-003.jpg,4962,7019,600.0,210.06,297.14,False,,0.0,0.0,0.0,0.0,4962,7019,600,210.06,297.14,False,1.0,processed\600dpi\0811\F146-003.jpg,6184861
图片\0811\F160-001.jpg,4962,7019,600.0,210.06,297.14,False,,0.0,0.0,0.0,0.0,4962,7019,600,210.06,297.14,False,1.0,processed\600dpi\0811\F160-001.jpg,6104437
图片\0811\F160-002.jpg,4962,7019,600.0,210.06,297.14,False,,0.0,0.0,0.0,0.0,4962,7019,600,210.06,297.14,False,1.0,processed\600dpi\0811\F160-002.jpg,6046201
图片\0811\F160-003.jpg,4962,7019,600.0,210.06,297.14,False,,0.0,0.0,0.0,0.0,4962,7019,600,210.06,297.14,False,1.0,processed\600dpi\0811\F160-003.jpg,6248994
图片\0811\F162-001.jpg,4962,7019,600.0,210.06,297.14,False,,0.0,0.0,0.0,0.0,4962,7019,600,210.06,297.14,False,1.0,processed\600dpi\0811\F162-001.jpg,5810042
图片\0811\F162-002.jpg,4962,7019,600.0,210.06,297.14,False,,0.0,0.0,0.0,0.0,4962,7019,600,210.06,297.14,False,1.0,processed\600dpi\0811\F162-002.jpg,5858411
图片\0811\F166-001.jpg,4962,7019,600.0,210.06,297.14,False,,0.0,0.0,0.0,0.0,4962,7019,600,210.06,297.14,False,1.0,processed\600dpi\0811\F166-001.jpg,6262783
图片\0811\F166-002.jpg,4962,7019,600.0,210.06,297.14,False,,0.0,0.0,0.0,0.0,4962,7019,600,210.06,297.14,False,1.0,processed\600dpi\0811\F166-002.jpg,6118144
图片\0811\F166-003.jpg,4962,7019,600.0,210.06,297.14,False,,0.0,0.0,0.0,0.0,4962,7019,600,210.06,297.14,False,1.0,processed\600dpi\0811\F166-003.jpg,6167725
图片\0811\F169-001.jpg,4962,7019,600.0,210.06,297.14,False,,0.0,0.0,0.0,0.0,4962,7019,600,210.06,297.14,False,1.0,processed\600dpi\0811\F169-001.jpg,6155288
图片\0811\F169-002.jpg,4962,7019,600.0,210.06,297.14,False,,0.0,0.0,0.0,0.0,4962,7019,600,210.06,297.14,False,1.0,processed\600dpi\0811\F169-002.jpg,6138030
图片\0811\F169-003.jpg,4962,7019,600.0,210.06,297.14,False,,0.0,0.0,0.0,0.0,4962,7019,600,210.06,297.14,False,1.0,processed\600dpi\0811\F169-003.jpg,6371699
图片\0811\F185-001.jpg,4962,7019,600.0,210.06,297.14,False,,0.0,0.0,0.0,0.0,4962,7019,600,210.06,297.14,False,1.0,processed\600dpi\0811\F185-001.jpg,6168503
图片\0811\F185-002.jpg,4962,7019,600.0,210.06,297.14,False,,0.0,0.0,0.0,0.0,4962,7019,600,210.06,297.14,False,1.0,processed\600dpi\0811\F185-002.jpg,6768007
图片\0811\F185-003.jpg,4962,7019,600.0,210.06,297.14,False,,0.0,0.0,0.0,0.0,4962,7019,600,210.06,297.14,False,1.0,processed\600dpi\0811\F185-003.jpg,6417820
图片\0811\F299-001.jpg,4962,7019,600.0,210.06,297.14,False,,0.0,0.0,0.0,0.0,4962,7019,600,210.06,297.14,False,1.0,processed\600dpi\0811\F299-001.jpg,6098859
图片\0811\F299-002.jpg,4962,7019,600.0,210.06,297.14,False,,0.0,0.0,0.0,0.0,4962,7019,600,210.06,297.14,False,1.0,processed\600dpi\0811\F299-002.jpg,6101805
图片\0811\F299-003.jpg,4962,7019,600.0,210.06,297.14,False,,0.0,0.0,0.0,0.0,4962,7019,600,210.06,297.14,False,1.0,processed\600dpi\0811\F299-003.jpg,6001975
图片\0811\F88-001.jpg,4962,7019,600.0,210.06,297.14,False,,0.0,0.0,0.0,0.0,4962,7019,600,210.06,297.14,False,1.0,processed\600dpi\0811\F88-001.jpg,5948568
图片\0811\F88-002.jpg,4962,7019,600.0,210.06,297.14,False,,0.0,0.0,0.0,0.0,4962,7019,600,210.06,297.14,False,1.0,processed\600dpi\0811\F88-002.jpg,6082840
图片\0811\F88-003.jpg,4962,7019,600.0,210.06,297.14,False,,0.0,0.0,0.0,0.0,4962,7019,600,210.06,297.14,False,1.0,processed\600dpi\0811\F88-003.jpg,6060539
图片\0811\F90-001.jpg,4962,7019,600.0,210.06,297.14,False,,2.5,0.0,2.5,0.0,4903,6960,600,207.56,294.64,False,1.0,processed\600dpi\0811\F90-001.jpg,8987289
图片\0811\F90-002.jpg,4962,7019,600.0,210.06,297.14,False,,0.0,0.0,0.0,0.0,4962,7019,600,210.06,297.14,False,1.0,processed\600dpi\0811\F90-002.jpg,6280136
图片\0811\F90-003.jpg,4962,7019,600.0,210.06,297.14,False,,0.0,0.0,0.0,0.0,4962,7019,600,210.06,297.14,False,1.0,processed\600dpi\0811\F90-003.jpg,6122443
图片\0811\F91-001.jpg,4962,7019,600.0,210.06,297.14,False,,0.0,0.0,0.0,0.0,4962,7019,600,210.06,297.14,False,1.0,processed\600dpi\0811\F91-001.jpg,6237686
图片\0811\F91-002.jpg,4962,7019,600.0,210.06,297.14,False,,0.0,0.0,0.0,0.0,4962,7019,600,210.06,297.14,False,1.0,processed\600dpi\0811\F91-002.jpg,6044483
图片\0811\F91-003.jpg,4962,7019,600.0,210.06,297.14,False,,0.0,0.0,0.0,0.0,4962,7019,600,210.06,297.14,False,1.0,processed\600dpi\0811\F91-003.jpg,6041850
图片\0814\G207-002.jpg,5954,8423,720.0,210.04,297.14,False,,0.0,0.0,1.5,0.0,4962,6983,600,210.06,295.61,True,0.833333,processed\600dpi\0814\G207-002.jpg,11650417
图片\0814\G218-001.jpg,4962,7019,600.0,210.06,297.14,False,,0.0,0.0,0.0,0.0,4962,7019,600,210.06,297.14,False,1.0,processed\600dpi\0814\G218-001.jpg,7460893
图片\0814\G218-002.jpg,5100,7019,600.0,215.9,297.14,False,,0.0,0.0,1.5,0.0,5100,6984,600,215.9,295.66,False,1.0,processed\600dpi\0814\G218-002.jpg,11938285
图片\0814\G224-001.jpg,5954,8423,720.0,210.04,297.14,False,,0.0,0.0,0.0,0.0,4962,7019,600,210.06,297.14,True,0.833333,processed\600dpi\0814\G224-001.jpg,11293571
图片\0814\G245-002.jpg,5954,8423,720.0,210.04,297.14,False,,0.0,0.0,1.5,0.0,4962,6983,600,210.06,295.61,True,0.833333,processed\600dpi\0814\G245-002.jpg,11132130
图片\0814\G258-001.jpg,5954,8423,720.0,210.04,297.14,False,,0.0,0.0,0.0,0.0,4962,7019,600,210.06,297.14,True,0.833333,processed\600dpi\0814\G258-001.jpg,11262472
图片\0814\G258-003.jpg,5954,8423,720.0,210.04,297.14,False,,0.0,0.0,0.0,0.0,4962,7019,600,210.06,297.14,True,0.833333,processed\600dpi\0814\G258-003.jpg,11032952
图片\0814\G270-002.jpg,5954,8423,720.0,210.04,297.14,False,,0.0,0.0,0.0,0.0,4962,7019,600,210.06,297.14,True,0.833333,processed\600dpi\0814\G270-002.jpg,11221860
图片\0814\G281-001.jpg,5954,8423,720.0,210.04,297.14,False,,0.0,0.0,1.5,0.0,4962,6983,600,210.06,295.61,True,0.833333,processed\600dpi\0814\G281-001.jpg,11029095
图片\0814\G281-002.jpg,5954,8423,720.0,210.04,297.14,False,,0.0,0.0,1.5,0.0,4962,6983,600,210.06,295.61,True,0.833333,processed\600dpi\0814\G281-002.jpg,11096353
图片\0814\G281-003.jpg,5954,8423,720.0,210.04,297.14,False,,0.0,0.0,1.5,0.0,4962,6983,600,210.06,295.61,True,0.833333,processed\600dpi\0814\G281-003.jpg,11052638
图片\0814\G296-003.jpg,5954,8423,720.0,210.04,297.14,False,,0.0,0.0,1.5,0.0,4962,6983,600,210.06,295.61,True,0.833333,processed\600dpi\0814\G296-003.jpg,11416629
图片\F120-003.jpg,4962,7019,600.0,210.06,297.14,False,,0.0,0.0,0.0,0.0,4962,7019,600,210.06,297.14,False,1.0,processed\600dpi\_根目录\F120-003.jpg,7808211
图片\G136-002.jpg,4962,7019,600.0,210.06,297.14,False,,0.0,0.0,0.0,0.0,4962,7019,600,210.06,297.14,False,1.0,processed\600dpi\_根目录\G136-002.jpg,6807756
图片\树叶003.jpg,4962,7019,600.0,210.06,297.14,True,内容为叶片，非根系,0.0,0.0,0.0,0.0,4962,7019,600,210.06,297.14,False,1.0,processed\600dpi_excluded\_根目录\树叶003.jpg,8319504
图片\树根004.jpg,4962,7019,600.0,210.06,297.14,True,透射背光成像（黑底橙根）+ 带刻度尺，与其余白底接触式扫描不同源,0.0,0.0,0.0,0.0,4962,7019,600,210.06,297.14,False,1.0,processed\600dpi_excluded\_根目录\树根004.jpg,10253451
