file,rel_path,root_pct,shadow_pct,shadow_dist_p50,shadow_near_root_pct(<=6px),shadow_mid_pct(6-25px),shadow_far_pct(>25px)
F28-002.jpg,图片\0807\F28-002.jpg,0.503,2.109,44.4,17.4,20.4,62.2
F46-002.jpg,图片\0807\F46-002.jpg,0.408,2.441,19.6,21.2,34.5,44.3
F52-003.jpg,图片\0807\F52-003.jpg,0.346,2.402,13.0,23.5,44.7,31.8
G22-001.jpg,图片\0807\G22-001.jpg,3.402,16.374,20.2,23.3,33.0,43.6
G23-001.jpg,图片\0807\G23-001.jpg,1.289,12.573,19.0,19.3,38.6,42.2
G23-002.jpg,图片\0807\G23-002.jpg,0.574,13.885,39.6,9.8,27.7,62.6
G23-003.jpg,图片\0807\G23-003.jpg,0.917,12.985,31.2,13.3,30.4,56.3
G27-002.jpg,图片\0807\G27-002.jpg,0.827,16.959,27.8,11.0,34.9,54.1
G27-003.jpg,图片\0807\G27-003.jpg,2.25,16.139,26.2,20.8,28.2,51.1
G28-001.jpg,图片\0807\G28-001.jpg,2.102,11.192,10.2,33.0,40.0,27.0
G28-002.jpg,图片\0807\G28-002.jpg,1.589,11.716,16.6,22.9,38.4,38.8
G28-003.jpg,图片\0807\G28-003.jpg,3.223,22.096,13.0,26.2,42.6,31.2
G31-001.jpg,图片\0807\G31-001.jpg,5.991,21.286,15.4,26.5,38.4,35.2
G31-002.jpg,图片\0807\G31-002.jpg,2.816,12.238,7.2,42.7,45.6,11.8
G31-003.jpg,图片\0807\G31-003.jpg,4.818,14.47,6.0,50.7,40.1,9.2
G44-001.jpg,图片\0807\G44-001.jpg,3.545,24.981,17.6,25.2,33.9,40.9
G44-002.jpg,图片\0807\G44-002.jpg,1.585,8.482,7.8,40.7,43.5,15.8
G44-003.jpg,图片\0807\G44-003.jpg,1.255,8.659,11.0,30.7,41.0,28.3
G46-002.jpg,图片\0807\G46-002.jpg,2.753,15.456,9.4,33.8,38.9,27.3
G46-003.jpg,图片\0807\G46-003.jpg,0.474,6.28,35.2,15.3,26.2,58.5
G52-001.jpg,图片\0807\G52-001.jpg,3.237,20.419,23.4,19.6,32.5,47.9
G52-002.jpg,图片\0807\G52-002.jpg,1.689,20.051,19.0,18.9,40.3,40.8
G52-003.jpg,图片\0807\G52-003.jpg,5.569,12.998,14.0,30.8,33.8,35.4
G62-001.jpg,图片\0807\G62-001.jpg,1.818,7.919,10.2,35.3,27.7,37.1
G62-002.jpg,图片\0807\G62-002.jpg,1.359,12.956,14.8,23.8,40.4,35.8
G62-003.jpg,图片\0807\G62-003.jpg,0.997,14.782,44.2,12.1,25.7,62.2
G66-001.jpg,图片\0807\G66-001.jpg,2.423,10.591,9.2,34.4,50.9,14.6
G66-002.jpg,图片\0807\G66-002.jpg,0.685,9.472,51.8,12.1,21.2,66.7
G66-003.jpg,图片\0807\G66-003.jpg,0.29,4.052,33.8,14.9,28.7,56.4
G7-001.jpg,图片\0807\G7-001.jpg,1.926,10.363,9.2,35.4,39.1,25.6
G7-002.jpg,图片\0807\G7-002.jpg,4.158,7.481,9.6,33.4,40.7,25.9
G7-003.jpg,图片\0807\G7-003.jpg,3.843,25.913,14.2,26.5,36.0,37.4
G74-001.jpg,图片\0807\G74-001.jpg,5.099,11.982,10.0,37.8,24.5,37.6
G74-002.jpg,图片\0807\G74-002.jpg,2.335,12.028,11.0,29.8,42.8,27.4
G74-003.jpg,图片\0807\G74-003.jpg,1.107,4.776,6.2,49.9,37.0,13.2
G80-001.jpg,图片\0807\G80-001.jpg,3.592,11.228,6.4,47.4,42.0,10.6
G80-002.jpg,图片\0807\G80-002.jpg,4.245,21.881,9.4,34.4,44.0,21.7
G80-003.jpg,图片\0807\G80-003.jpg,4.816,23.746,10.6,32.5,42.1,25.4
G86-001.jpg,图片\0807\G86-001.jpg,1.258,14.714,23.6,16.6,35.4,48.0
G86-002.jpg,图片\0807\G86-002.jpg,2.104,18.757,19.8,20.7,37.2,42.1
G86-003.jpg,图片\0807\G86-003.jpg,1.015,11.739,33.6,13.7,29.3,57.0
F120-001.jpg,图片\0808\F120-001.jpg,1.02,6.959,16.8,21.9,38.7,39.4
F120-002.jpg,图片\0808\F120-002.jpg,0.682,16.026,50.2,9.2,25.9,64.9
F120-003.jpg,图片\0808\F120-003.jpg,0.24,3.824,17.8,15.3,44.9,39.8
F121-001.jpg,图片\0808\F121-001.jpg,0.299,2.151,39.4,15.1,30.2,54.7
F121-002.jpg,图片\0808\F121-002.jpg,0.467,2.506,21.8,19.1,33.9,47.0
F121-003.jpg,图片\0808\F121-003.jpg,0.442,2.248,53.2,15.5,23.9,60.6
G120-001.jpg,图片\0808\G120-001.jpg,0.944,11.533,16.4,19.4,43.3,37.3
G120-002.jpg,图片\0808\G120-002.jpg,0.963,12.594,16.0,18.8,49.9,31.2
G120-003.jpg,图片\0808\G120-003.jpg,1.177,10.268,15.4,22.8,40.5,36.8
G121-001.jpg,图片\0808\G121-001.jpg,1.417,8.913,13.2,23.1,47.3,29.6
G121-002.jpg,图片\0808\G121-002.jpg,1.346,10.486,14.4,24.8,38.8,36.4
G121-003.jpg,图片\0808\G121-003.jpg,3.24,11.497,8.4,38.3,38.1,23.7
F114-001.jpg,图片\0811\F114-001.jpg,0.198,3.705,209.2,3.0,2.9,94.2
F114-003.jpg,图片\0811\F114-003.jpg,0.24,4.563,181.5,8.3,11.8,79.9
F126-001.jpg,图片\0811\F126-001.jpg,0.537,1.735,10.8,34.9,19.1,45.9
F126-002.jpg,图片\0811\F126-002.jpg,0.385,2.491,17.8,21.3,33.2,45.5
F126-003.jpg,图片\0811\F126-003.jpg,0.483,1.346,9.2,39.3,21.4,39.3
F134-001.jpg,图片\0811\F134-001.jpg,0.232,2.067,23.2,19.8,31.1,49.1
F134-002.jpg,图片\0811\F134-002.jpg,0.259,1.764,74.7,20.1,21.3,58.6
F134-003.jpg,图片\0811\F134-003.jpg,0.307,1.972,28.2,20.2,29.2,50.6
F136-001.jpg,图片\0811\F136-001.jpg,0.238,2.239,163.9,14.4,17.2,68.4
F136-002.jpg,图片\0811\F136-002.jpg,0.147,2.782,97.7,12.2,24.6,63.3
F136-003.jpg,图片\0811\F136-003.jpg,0.018,2.104,280.2,2.7,13.0,84.2
F146-002.jpg,图片\0811\F146-002.jpg,0.538,5.181,139.8,14.1,20.8,65.1
F146-003.jpg,图片\0811\F146-003.jpg,0.386,5.399,37.2,11.5,29.2,59.3
F160-001.jpg,图片\0811\F160-001.jpg,0.151,2.183,29.6,13.4,31.8,54.9
F160-002.jpg,图片\0811\F160-002.jpg,0.218,2.943,257.9,13.0,14.9,72.1
F160-003.jpg,图片\0811\F160-003.jpg,0.274,1.122,90.1,13.9,27.4,58.7
F162-001.jpg,图片\0811\F162-001.jpg,0.278,3.713,168.7,7.5,6.2,86.3
F162-002.jpg,图片\0811\F162-002.jpg,0.205,3.783,243.2,6.9,6.2,86.9
F166-001.jpg,图片\0811\F166-001.jpg,0.15,2.605,70.6,11.2,20.3,68.5
F166-002.jpg,图片\0811\F166-002.jpg,0.328,1.734,27.4,26.2,23.0,50.8
F166-003.jpg,图片\0811\F166-003.jpg,0.141,1.432,69.7,16.7,12.9,70.4
F169-001.jpg,图片\0811\F169-001.jpg,0.382,2.169,21.6,23.4,28.0,48.6
F169-002.jpg,图片\0811\F169-002.jpg,0.418,1.811,95.4,23.3,12.6,64.1
F169-003.jpg,图片\0811\F169-003.jpg,0.729,3.09,12.0,32.5,31.0,36.4
F185-001.jpg,图片\0811\F185-001.jpg,0.145,1.908,134.2,10.6,17.2,72.2
F185-002.jpg,图片\0811\F185-002.jpg,0.998,5.657,10.8,30.9,44.4,24.7
F185-003.jpg,图片\0811\F185-003.jpg,0.345,4.703,41.0,11.9,23.9,64.2
F299-001.jpg,图片\0811\F299-001.jpg,0.316,3.497,132.8,11.4,12.8,75.8
F299-002.jpg,图片\0811\F299-002.jpg,0.485,4.755,91.1,15.6,15.0,69.3
F299-003.jpg,图片\0811\F299-003.jpg,0.382,3.95,198.1,9.3,12.1,78.7
F88-001.jpg,图片\0811\F88-001.jpg,0.128,4.25,207.1,7.9,17.8,74.4
F88-002.jpg,图片\0811\F88-002.jpg,0.258,4.592,178.8,10.5,15.6,74.0
F88-003.jpg,图片\0811\F88-003.jpg,0.302,4.408,185.0,8.5,10.1,81.4
F90-001.jpg,图片\0811\F90-001.jpg,0.861,2.695,17.2,35.0,21.5,43.5
F90-002.jpg,图片\0811\F90-002.jpg,0.202,1.976,263.4,13.7,7.4,79.0
F90-003.jpg,图片\0811\F90-003.jpg,0.21,1.944,182.2,18.3,19.1,62.6
F91-001.jpg,图片\0811\F91-001.jpg,0.189,1.6,186.4,14.1,16.7,69.2
F91-002.jpg,图片\0811\F91-002.jpg,0.144,1.169,211.7,3.6,1.7,94.7
F91-003.jpg,图片\0811\F91-003.jpg,0.038,1.352,219.6,6.8,14.0,79.2
G207-002.jpg,图片\0814\G207-002.jpg,1.672,12.012,12.0,29.7,36.1,34.2
G218-001.jpg,图片\0814\G218-001.jpg,0.375,3.93,44.8,14.7,24.6,60.7
G218-002.jpg,图片\0814\G218-002.jpg,0.77,11.385,21.8,16.8,36.9,46.4
G224-001.jpg,图片\0814\G224-001.jpg,1.308,9.442,18.8,21.8,36.2,42.0
G245-002.jpg,图片\0814\G245-002.jpg,0.36,9.086,45.3,10.0,24.6,65.4
G258-001.jpg,图片\0814\G258-001.jpg,1.546,9.157,9.4,34.5,43.1,22.4
G258-003.jpg,图片\0814\G258-003.jpg,1.059,7.609,10.4,30.7,47.0,22.3
G270-002.jpg,图片\0814\G270-002.jpg,0.751,9.534,25.8,17.0,32.2,50.8
G281-001.jpg,图片\0814\G281-001.jpg,1.623,9.137,17.0,28.7,28.6,42.7
G281-002.jpg,图片\0814\G281-002.jpg,0.623,8.72,24.8,16.0,34.4,49.6
G281-003.jpg,图片\0814\G281-003.jpg,1.443,10.541,16.0,23.0,39.9,37.0
G296-003.jpg,图片\0814\G296-003.jpg,1.265,11.59,17.2,22.5,36.0,41.6
F120-003.jpg,图片\F120-003.jpg,0.179,4.996,38.2,12.9,28.2,58.9
G136-002.jpg,图片\G136-002.jpg,0.626,7.88,22.8,17.2,35.5,47.4
树叶003.jpg,图片\树叶003.jpg,1.042,9.201,127.0,5.2,5.9,88.9
