rel_path,batch,width,height,dpi_x,dpi_y,format,pil_mode,file_bytes,jpeg_progressive,icc_profile,exif_present,otsu_thr,dark_pct,v_mean,v_bg,v_p05,s_mean,pixel_darker_pct,proxy_shadow_pct,proxy_root_pct,bg_grid_min,bg_grid_max,bg_grid_range,border_dark_pct,mtime
图片\0807\F28-002.jpg,0807,4962,7019,600.0,600.0,JPEG,RGB,4392019,False,True,False,189,0.876,0.9864,1.0,0.9647,0.0312,2.473,1.844,0.629,0.9842,0.9953,0.0111,5.432,1786103129.87722
图片\0807\F46-002.jpg,0807,4962,7019,600.0,600.0,JPEG,RGB,4355053,False,True,False,195,1.138,0.9855,1.0,0.9608,0.0311,3.168,2.339,0.829,0.9828,0.9962,0.0134,4.021,1786102788.993976
图片\0807\F52-003.jpg,0807,4962,7019,600.0,600.0,JPEG,RGB,4386023,False,True,False,189,1.609,0.9824,1.0,0.9529,0.0305,3.91,2.957,0.953,0.9757,0.9959,0.0202,4.161,1786101959.9019613
图片\0807\G22-001.jpg,0807,4962,7019,600.0,600.0,JPEG,RGB,4564260,False,True,False,172,4.791,0.9527,1.0,0.7294,0.0421,14.266,9.865,4.401,0.9812,0.9952,0.014,25.179,1786347964.9540732
图片\0807\G23-001.jpg,0807,4962,7019,600.0,600.0,JPEG,RGB,4309244,False,True,False,187,3.898,0.9638,1.0,0.8157,0.0399,12.509,9.915,2.594,0.9791,0.9951,0.0161,1.012,1786238764.7777846
图片\0807\G23-002.jpg,0807,4962,7019,600.0,600.0,JPEG,RGB,4440362,False,True,False,197,2.836,0.9721,1.0,0.8902,0.0387,10.49,8.901,1.589,0.982,0.9945,0.0125,0.389,1786268252.5455058
图片\0807\G23-003.jpg,0807,4962,7019,600.0,600.0,JPEG,RGB,4401065,False,True,False,193,3.709,0.9674,1.0,0.8471,0.0399,11.623,9.449,2.174,0.9811,0.9946,0.0135,1.056,1786267229.8483994
图片\0807\G27-002.jpg,0807,4962,7019,600.0,600.0,JPEG,RGB,4637779,False,True,False,196,3.517,0.9667,1.0,0.8549,0.0392,13.211,11.219,1.992,0.978,0.9933,0.0153,2.887,1786314843.5523522
图片\0807\G27-003.jpg,0807,4962,7019,600.0,600.0,JPEG,RGB,4542207,False,True,False,182,4.444,0.9591,1.0,0.7882,0.0443,13.422,10.347,3.075,0.9789,0.9942,0.0153,0.648,1786315698.1987405
图片\0807\G28-001.jpg,0807,4962,7019,600.0,600.0,JPEG,RGB,4046211,False,True,False,192,4.892,0.9643,1.0,0.7922,0.037,12.671,9.118,3.553,0.9859,0.9967,0.0108,0.932,1786247205.723189
图片\0807\G28-002.jpg,0807,4962,7019,600.0,600.0,JPEG,RGB,3827281,False,True,False,191,4.026,0.9696,1.0,0.8314,0.0326,11.329,8.34,2.989,0.9818,0.9989,0.017,11.317,1786379608.419564
图片\0807\G28-003.jpg,0807,4962,7019,600.0,600.0,JPEG,RGB,4546441,False,True,False,185,6.516,0.9478,1.0,0.6902,0.0475,19.894,15.028,4.865,0.9806,0.9963,0.0157,10.87,1786381178.4322684
图片\0807\G31-001.jpg,0807,4962,7019,600.0,600.0,JPEG,RGB,4375245,False,True,False,157,6.545,0.9299,1.0,0.5765,0.0513,20.31,12.95,7.36,0.9785,0.997,0.0185,37.357,1786372038.9782403
图片\0807\G31-002.jpg,0807,4962,7019,600.0,600.0,JPEG,RGB,4685359,False,True,False,196,7.123,0.9562,1.0,0.7255,0.0487,15.88,11.334,4.546,0.9757,0.9949,0.0193,0.819,1786262374.9324784
图片\0807\G31-003.jpg,0807,4962,7019,600.0,600.0,JPEG,RGB,4369436,False,True,False,190,9.058,0.9456,1.0,0.6275,0.0485,18.532,11.767,6.765,0.9874,0.9967,0.0093,11.664,1786382570.2802272
图片\0807\G44-001.jpg,0807,4962,7019,600.0,600.0,JPEG,RGB,4493420,False,True,False,188,7.28,0.9459,1.0,0.6745,0.0495,20.574,15.655,4.92,0.9807,0.9954,0.0147,7.989,1786345024.5058413
图片\0807\G44-002.jpg,0807,4962,7019,600.0,600.0,JPEG,RGB,3790093,False,True,False,192,4.897,0.968,1.0,0.7882,0.0343,10.094,7.049,3.045,0.986,0.9977,0.0117,2.724,1786330084.774658
图片\0807\G44-003.jpg,0807,4962,7019,600.0,600.0,JPEG,RGB,3791345,False,True,False,199,4.945,0.9708,1.0,0.8118,0.0328,10.241,7.086,3.155,0.988,0.9979,0.0099,3.202,1786333545.4158454
图片\0807\G46-002.jpg,0807,4962,7019,600.0,600.0,JPEG,RGB,4699699,False,True,False,196,7.896,0.9518,1.0,0.7137,0.0413,18.134,12.748,5.386,0.9839,0.997,0.013,7.878,1786354383.506002
图片\0807\G46-003.jpg,0807,4962,7019,600.0,600.0,JPEG,RGB,3799608,False,True,False,202,2.605,0.9802,1.0,0.9216,0.0281,6.184,4.748,1.436,0.9862,0.9966,0.0104,1.056,1786245596.6688564
图片\0807\G52-001.jpg,0807,4962,7019,600.0,600.0,JPEG,RGB,4332193,False,True,False,203,6.846,0.9614,1.0,0.7804,0.049,16.248,11.457,4.791,0.9824,0.9961,0.0137,9.403,1786394100.0322816
图片\0807\G52-002.jpg,0807,4962,7019,600.0,600.0,JPEG,RGB,4344444,False,True,False,197,6.638,0.9559,1.0,0.7529,0.0447,17.807,13.714,4.093,0.9799,0.9946,0.0148,3.783,1786342101.9844127
图片\0807\G52-003.jpg,0807,4962,7019,600.0,600.0,JPEG,RGB,4522482,False,True,False,166,6.157,0.9404,1.0,0.6471,0.0487,17.061,9.447,7.614,0.9792,0.9979,0.0188,40.401,1786343829.5440643
图片\0807\G62-001.jpg,0807,4962,7019,600.0,600.0,JPEG,RGB,3901631,False,True,False,197,3.552,0.9755,1.0,0.8784,0.034,8.147,5.56,2.587,0.9829,0.9966,0.0136,0.791,1786246023.5160134
图片\0807\G62-002.jpg,0807,4962,7019,600.0,600.0,JPEG,RGB,4557897,False,True,False,199,5.768,0.9625,1.0,0.7843,0.0431,13.911,10.615,3.296,0.9726,0.9934,0.0208,0.389,1786265560.5237157
图片\0807\G62-003.jpg,0807,4962,7019,600.0,600.0,JPEG,RGB,4113669,False,True,False,195,2.982,0.9699,1.0,0.8706,0.0377,11.923,10.145,1.778,0.9819,0.9941,0.0122,1.55,1786242573.2406957
图片\0807\G66-001.jpg,0807,4962,7019,600.0,600.0,JPEG,RGB,4183299,False,True,False,187,5.815,0.9594,1.0,0.7255,0.0378,13.592,9.444,4.149,0.9892,0.9975,0.0083,13.768,1786376572.7135987
图片\0807\G66-002.jpg,0807,4962,7019,600.0,600.0,JPEG,RGB,4453543,False,True,False,196,2.883,0.9759,1.0,0.902,0.0373,8.138,6.478,1.66,0.9791,0.9955,0.0164,0.083,1786263864.8449223
图片\0807\G66-003.jpg,0807,4962,7019,600.0,600.0,JPEG,RGB,3823644,False,True,False,207,2.518,0.9837,1.0,0.9373,0.0237,5.192,4.131,1.06,0.9862,0.998,0.0117,1.089,1786244496.3896134
图片\0807\G7-001.jpg,0807,4962,7019,600.0,600.0,JPEG,RGB,4389415,False,True,False,182,4.319,0.9599,1.0,0.7804,0.0405,12.868,9.901,2.966,0.9797,0.9953,0.0156,0.769,1786236872.6366973
图片\0807\G7-002.jpg,0807,4962,7019,600.0,600.0,JPEG,RGB,3945710,False,True,False,157,6.021,0.9454,1.0,0.5294,0.0451,10.992,5.424,5.567,0.9891,0.9985,0.0094,39.916,1786388572.0986538
图片\0807\G7-003.jpg,0807,4962,7019,600.0,600.0,JPEG,RGB,4840810,False,True,False,177,6.491,0.94,1.0,0.6314,0.0546,21.278,16.175,5.103,0.9759,0.9944,0.0185,7.939,1786378394.977535
图片\0807\G74-001.jpg,0807,4962,7019,600.0,600.0,JPEG,RGB,4568720,False,True,False,164,7.397,0.9335,1.0,0.5255,0.0497,16.804,9.971,6.833,0.9794,0.998,0.0186,35.959,1786346413.3616407
图片\0807\G74-002.jpg,0807,4962,7019,600.0,600.0,JPEG,RGB,4240587,False,True,False,188,5.101,0.9611,1.0,0.7608,0.0372,13.522,10.023,3.499,0.9785,0.9973,0.0188,9.304,1786387868.1262343
图片\0807\G74-003.jpg,0807,4962,7019,600.0,600.0,JPEG,RGB,3438917,False,True,False,189,3.939,0.9745,1.0,0.8471,0.0269,7.439,4.957,2.482,0.9928,0.9984,0.0057,0.386,1786392714.4153912
图片\0807\G80-001.jpg,0807,4962,7019,600.0,600.0,JPEG,RGB,4308200,False,True,False,184,7.485,0.9481,1.0,0.6202,0.0415,16.155,10.788,5.367,0.985,0.997,0.0121,11.888,1786383785.9852498
图片\0807\G80-002.jpg,0807,4962,7019,600.0,600.0,JPEG,RGB,4644676,False,True,False,187,9.491,0.9336,1.0,0.6039,0.049,24.174,17.643,6.531,0.9848,0.9962,0.0114,10.175,1786390360.2891686
图片\0807\G80-003.jpg,0807,4962,7019,600.0,600.0,JPEG,RGB,4737422,False,True,False,189,10.268,0.9321,1.0,0.6196,0.062,26.039,18.667,7.372,0.9757,0.9959,0.0202,14.386,1786386735.0397391
图片\0807\G86-001.jpg,0807,4962,7019,600.0,600.0,JPEG,RGB,4368207,False,True,False,197,3.792,0.9699,1.0,0.8549,0.0415,11.774,9.229,2.545,0.9782,0.9973,0.0191,9.635,1786373979.7991977
图片\0807\G86-002.jpg,0807,4962,7019,600.0,600.0,JPEG,RGB,4389455,False,True,False,189,6.301,0.9535,1.0,0.7098,0.0452,16.58,12.502,4.078,0.9803,0.9978,0.0175,12.257,1786391530.159662
图片\0807\G86-003.jpg,0807,4962,7019,600.0,600.0,JPEG,RGB,4363087,False,True,False,187,3.5,0.9676,1.0,0.8549,0.0398,10.82,8.748,2.071,0.9811,0.9942,0.0131,1.191,1786266274.6353202
图片\0808\F120-001.jpg,0808,4962,7019,600.0,600.0,JPEG,RGB,4345798,False,True,False,188,2.335,0.9759,1.0,0.9098,0.0378,7.089,5.364,1.724,0.9804,0.9962,0.0158,4.034,1786105542.7917664
图片\0808\F120-002.jpg,0808,4962,7019,600.0,600.0,JPEG,RGB,4354623,False,True,False,203,3.736,0.9699,1.0,0.8667,0.0411,12.478,10.462,2.015,0.9717,0.9958,0.0241,5.664,1786111293.6759255
图片\0808\F120-003.jpg,0808,4962,7019,600.0,600.0,JPEG,RGB,3624917,False,True,False,203,1.322,0.9868,1.0,0.9529,0.0212,3.992,3.405,0.587,0.985,0.9971,0.0121,3.428,1786116546.0544016
图片\0808\F121-001.jpg,0808,4962,7019,600.0,600.0,JPEG,RGB,4148965,False,True,False,183,0.838,0.9863,1.0,0.9647,0.0307,2.526,2.02,0.506,0.9847,0.9964,0.0117,5.055,1786104316.6867206
图片\0808\F121-002.jpg,0808,4962,7019,600.0,600.0,JPEG,RGB,4351948,False,True,False,197,0.875,0.9869,1.0,0.9608,0.0304,2.852,2.202,0.649,0.9837,0.9954,0.0118,5.135,1786103558.526462
图片\0808\F121-003.jpg,0808,4962,7019,600.0,600.0,JPEG,RGB,4248026,False,True,False,201,0.812,0.9876,1.0,0.9647,0.0304,2.591,1.944,0.647,0.9808,0.996,0.0151,6.017,1786104529.125772
图片\0808\G120-001.jpg,0808,4962,7019,600.0,600.0,JPEG,RGB,4853509,False,True,True,193,5.977,0.9576,1.0,0.7451,0.0416,14.325,11.268,3.057,0.9805,0.9941,0.0136,1.023,1786155691.3145473
图片\0808\G120-002.jpg,0808,4962,7019,600.0,600.0,JPEG,RGB,4955820,False,True,True,199,6.89,0.9579,1.0,0.749,0.0436,15.433,12.012,3.421,0.9784,0.9948,0.0163,1.042,1786181469.625551
图片\0808\G120-003.jpg,0808,4962,7019,600.0,600.0,JPEG,RGB,4583923,False,True,True,195,4.537,0.9663,1.0,0.8157,0.0402,11.786,9.142,2.643,0.9837,0.9954,0.0117,0.802,1786182458.6459002
图片\0808\G121-001.jpg,0808,4962,7019,600.0,600.0,JPEG,RGB,4645556,False,True,True,187,4.704,0.9599,1.0,0.7765,0.0422,11.746,8.97,2.777,0.9724,0.9968,0.0244,2.531,1786157670.42762
图片\0808\G121-002.jpg,0808,4962,7019,600.0,600.0,JPEG,RGB,4458998,False,True,True,190,4.692,0.9634,1.0,0.7922,0.0413,11.872,9.12,2.752,0.9823,0.9945,0.0122,1.335,1786159368.027991
图片\0808\G121-003.jpg,0808,4962,7019,600.0,600.0,JPEG,RGB,4408902,False,True,True,193,6.231,0.9591,1.0,0.7412,0.0459,13.653,9.476,4.177,0.9754,0.9951,0.0197,1.263,1786160059.0183194
图片\0811\F114-001.jpg,0811,4962,7019,600.0,600.0,JPEG,RGB,2863451,False,True,False,241,6.949,0.9942,1.0,0.9765,0.0193,1.716,1.42,0.295,0.9901,0.9992,0.0091,12.985,1786439873.4724512
图片\0811\F114-003.jpg,0811,4962,7019,600.0,600.0,JPEG,RGB,2937167,False,True,False,185,0.688,0.991,1.0,0.9686,0.0208,2.554,2.036,0.518,0.99,0.9993,0.0093,0.563,1786440305.3563118
图片\0811\F126-001.jpg,0811,4962,7019,600.0,600.0,JPEG,RGB,3121243,False,True,False,192,0.973,0.9912,1.0,0.9765,0.021,2.132,1.443,0.689,0.989,0.999,0.0101,0.284,1786415531.5531318
图片\0811\F126-002.jpg,0811,4962,7019,600.0,600.0,JPEG,RGB,3222720,False,True,False,219,1.388,0.9922,1.0,0.9725,0.0212,2.533,1.79,0.743,0.9885,0.999,0.0104,1.398,1786416786.343775
图片\0811\F126-003.jpg,0811,4962,7019,600.0,600.0,JPEG,RGB,3092563,False,True,False,185,0.84,0.9917,1.0,0.9804,0.0207,1.813,1.173,0.64,0.9922,0.9991,0.0068,0.094,1786417458.5960512
图片\0811\F134-001.jpg,0811,4962,7019,600.0,600.0,JPEG,RGB,3040922,False,True,False,210,0.873,0.993,1.0,0.9804,0.0202,1.859,1.278,0.581,0.9912,0.999,0.0078,0.891,1786430143.2539947
图片\0811\F134-002.jpg,0811,4962,7019,600.0,600.0,JPEG,RGB,3033181,False,True,False,195,0.678,0.9928,1.0,0.9804,0.0202,1.556,1.06,0.496,0.9907,0.9987,0.008,0.67,1786430404.1609323
图片\0811\F134-003.jpg,0811,4962,7019,600.0,600.0,JPEG,RGB,3069673,False,True,False,220,1.299,0.9931,1.0,0.9765,0.0206,2.072,1.312,0.76,0.99,0.9986,0.0086,1.326,1786430801.0024953
图片\0811\F136-001.jpg,0811,4962,7019,600.0,600.0,JPEG,RGB,3085034,False,True,False,195,0.599,0.9925,1.0,0.9765,0.0209,1.665,1.221,0.444,0.9893,0.9983,0.009,0.105,1786428108.199801
图片\0811\F136-002.jpg,0811,4962,7019,600.0,600.0,JPEG,RGB,3130524,False,True,False,186,0.9,0.9897,1.0,0.9686,0.021,2.371,1.903,0.468,0.9891,0.9982,0.0091,0.094,1786428590.400798
图片\0811\F136-003.jpg,0811,4962,7019,600.0,600.0,JPEG,RGB,3126129,False,True,False,193,0.315,0.9935,1.0,0.9765,0.0202,1.341,1.184,0.157,0.9895,0.9984,0.0089,0.074,1786427417.1157582
图片\0811\F146-002.jpg,0811,4962,7019,600.0,600.0,JPEG,RGB,3085673,False,True,False,202,1.509,0.9888,1.0,0.9569,0.0234,3.881,2.847,1.034,0.9903,0.999,0.0087,1.131,1786440907.385407
图片\0811\F146-003.jpg,0811,4962,7019,600.0,600.0,JPEG,RGB,3033896,False,True,False,204,1.389,0.9894,1.0,0.9569,0.0225,3.757,2.844,0.913,0.9896,0.9993,0.0097,0.99,1786441160.410864
图片\0811\F160-001.jpg,0811,4962,7019,600.0,600.0,JPEG,RGB,2997071,False,True,False,234,2.295,0.9942,1.0,0.9804,0.0186,1.736,1.358,0.379,0.9896,0.9985,0.0088,3.144,1786413059.5699368
图片\0811\F160-002.jpg,0811,4962,7019,600.0,600.0,JPEG,RGB,2977438,False,True,False,202,0.776,0.9927,1.0,0.9765,0.0196,1.807,1.283,0.524,0.9902,0.9986,0.0084,0.946,1786414241.720611
图片\0811\F160-003.jpg,0811,4962,7019,600.0,600.0,JPEG,RGB,3071253,False,True,False,213,0.624,0.9943,1.0,0.9843,0.0192,1.474,1.054,0.42,0.9935,0.9987,0.0052,1.213,1786414764.9197698
图片\0811\F162-001.jpg,0811,4962,7019,600.0,600.0,JPEG,RGB,2862333,False,True,False,193,0.522,0.9931,1.0,0.9765,0.02,1.783,1.399,0.384,0.9901,0.9994,0.0093,0.643,1786440579.9963942
图片\0811\F162-002.jpg,0811,4962,7019,600.0,600.0,JPEG,RGB,2883369,False,True,False,190,0.47,0.9929,1.0,0.9765,0.02,1.912,1.583,0.329,0.9901,0.9994,0.0093,0.458,1786440451.498263
图片\0811\F166-001.jpg,0811,4962,7019,600.0,600.0,JPEG,RGB,3087759,False,True,False,242,8.097,0.9936,1.0,0.9725,0.0201,2.15,1.778,0.372,0.9897,0.999,0.0093,10.978,1786418359.9962902
图片\0811\F166-002.jpg,0811,4962,7019,600.0,600.0,JPEG,RGB,3019654,False,True,False,200,0.789,0.9926,1.0,0.9765,0.0197,1.688,1.21,0.477,0.9912,0.9986,0.0074,0.728,1786418633.1286
图片\0811\F166-003.jpg,0811,4962,7019,600.0,600.0,JPEG,RGB,3044430,False,True,False,196,0.456,0.9939,1.0,0.9843,0.0183,1.417,1.06,0.357,0.9881,0.9991,0.011,0.378,1786417765.7452486
图片\0811\F169-001.jpg,0811,4962,7019,600.0,600.0,JPEG,RGB,3037338,False,True,False,198,1.019,0.9913,1.0,0.9765,0.0209,2.105,1.467,0.638,0.9918,0.9989,0.0071,0.745,1786419069.7088635
图片\0811\F169-002.jpg,0811,4962,7019,600.0,600.0,JPEG,RGB,3024444,False,True,False,208,0.879,0.9931,1.0,0.9804,0.0208,1.766,1.171,0.595,0.9924,0.9988,0.0064,1.086,1786419441.9874725
图片\0811\F169-003.jpg,0811,4962,7019,600.0,600.0,JPEG,RGB,3143091,False,True,False,196,1.596,0.9883,1.0,0.9647,0.0237,3.367,2.204,1.163,0.9891,0.9988,0.0097,0.888,1786421165.3369946
图片\0811\F185-001.jpg,0811,4962,7019,600.0,600.0,JPEG,RGB,3038147,False,True,False,213,0.609,0.9944,1.0,0.9843,0.0195,1.274,0.901,0.373,0.9923,0.9987,0.0064,1.056,1786431941.946186
图片\0811\F185-002.jpg,0811,4962,7019,600.0,600.0,JPEG,RGB,3340437,False,True,False,205,2.861,0.9838,1.0,0.9176,0.0276,6.133,4.163,1.97,0.9844,0.9983,0.0139,0.984,1786433595.6186466
图片\0811\F185-003.jpg,0811,4962,7019,600.0,600.0,JPEG,RGB,3158052,False,True,False,209,1.89,0.9885,1.0,0.9529,0.0223,4.076,3.022,1.054,0.987,0.999,0.012,0.943,1786435427.490796
图片\0811\F299-001.jpg,0811,4962,7019,600.0,600.0,JPEG,RGB,2998063,False,True,False,204,0.887,0.9921,1.0,0.9725,0.0212,2.22,1.592,0.628,0.988,0.9991,0.0111,0.805,1786437526.0171485
图片\0811\F299-002.jpg,0811,4962,7019,600.0,600.0,JPEG,RGB,2996440,False,True,False,209,1.482,0.9904,1.0,0.9647,0.0218,3.334,2.412,0.922,0.9881,0.9991,0.011,0.893,1786438154.1512647
图片\0811\F299-003.jpg,0811,4962,7019,600.0,600.0,JPEG,RGB,2953947,False,True,False,193,0.687,0.9918,1.0,0.9725,0.0212,2.387,1.769,0.619,0.9899,0.9992,0.0093,1.034,1786438668.1189134
图片\0811\F88-001.jpg,0811,4962,7019,600.0,600.0,JPEG,RGB,2932220,False,True,False,196,0.665,0.9921,1.0,0.9725,0.0199,2.261,1.874,0.387,0.9912,0.9989,0.0076,0.778,1786438870.492712
图片\0811\F88-002.jpg,0811,4962,7019,600.0,600.0,JPEG,RGB,3001945,False,True,False,187,0.73,0.9906,1.0,0.9686,0.0208,2.737,2.222,0.516,0.9885,0.9991,0.0106,0.852,1786439393.538223
图片\0811\F88-003.jpg,0811,4962,7019,600.0,600.0,JPEG,RGB,2984359,False,True,False,213,0.888,0.9924,1.0,0.9686,0.0214,2.414,1.895,0.519,0.9897,0.9991,0.0094,1.952,1786439653.9835832
图片\0811\F90-001.jpg,0811,4962,7019,600.0,600.0,JPEG,RGB,3888618,False,True,False,177,1.084,0.9875,1.0,0.9765,0.0238,2.954,1.965,0.989,0.9903,0.9982,0.0079,7.525,1786410522.4077873
图片\0811\F90-002.jpg,0811,4962,7019,600.0,600.0,JPEG,RGB,3096862,False,True,False,190,0.454,0.9934,1.0,0.9804,0.0198,1.277,0.938,0.339,0.9895,0.9985,0.009,0.108,1786409916.2063606
图片\0811\F90-003.jpg,0811,4962,7019,600.0,600.0,JPEG,RGB,3009225,False,True,False,200,0.481,0.9939,1.0,0.9843,0.0191,1.399,1.087,0.311,0.9901,0.9986,0.0086,0.265,1786410830.8488302
图片\0811\F91-001.jpg,0811,4962,7019,600.0,600.0,JPEG,RGB,3068235,False,True,False,190,0.558,0.9932,1.0,0.9843,0.0199,1.313,0.912,0.401,0.9931,0.9986,0.0055,0.637,1786429528.9063265
图片\0811\F91-002.jpg,0811,4962,7019,600.0,600.0,JPEG,RGB,2971749,False,True,False,212,0.311,0.9956,1.0,0.9882,0.0189,0.755,0.54,0.215,0.9926,0.9986,0.006,0.871,1786429265.5328984
图片\0811\F91-003.jpg,0811,4962,7019,600.0,600.0,JPEG,RGB,2969689,False,True,False,195,0.24,0.9951,1.0,0.9882,0.0185,0.87,0.685,0.185,0.9933,0.9985,0.0052,0.394,1786429046.161308
图片\0814\G207-002.jpg,0814,5954,8423,720.0,720.0,JPEG,RGB,6861224,False,True,False,190,5.717,0.9599,1.0,0.7333,0.0414,12.493,8.879,3.614,0.9856,0.9956,0.01,3.315,1786698639.8951635
图片\0814\G218-001.jpg,0814,4962,7019,600.0,600.0,JPEG,RGB,3644495,False,True,False,220,2.974,0.9864,1.0,0.9333,0.0264,5.381,3.968,1.413,0.9896,0.9976,0.0081,4.167,1786674344.2738676
图片\0814\G218-002.jpg,0814,5100,7019,600.0,600.0,JPEG,RGB,5671009,False,True,False,203,5.692,0.9404,0.9922,0.8078,0.0625,23.648,21.037,2.611,0.9529,0.9779,0.0251,5.532,1786671349.500887
图片\0814\G224-001.jpg,0814,5954,8423,720.0,720.0,JPEG,RGB,6632121,False,True,False,209,4.615,0.9748,1.0,0.8667,0.0376,9.778,6.902,2.876,0.9859,0.9961,0.0102,5.035,1786700210.7470598
图片\0814\G245-002.jpg,0814,5954,8423,720.0,720.0,JPEG,RGB,6561607,False,True,False,205,4.021,0.9752,1.0,0.8706,0.0345,8.553,6.934,1.618,0.9871,0.9969,0.0098,5.881,1786690475.9952137
图片\0814\G258-001.jpg,0814,5954,8423,720.0,720.0,JPEG,RGB,6625476,False,True,False,190,5.564,0.9626,1.0,0.7373,0.0398,11.103,7.798,3.305,0.9855,0.9982,0.0127,3.428,1786677057.6906796
图片\0814\G258-003.jpg,0814,5954,8423,720.0,720.0,JPEG,RGB,6477132,False,True,False,186,4.765,0.9657,1.0,0.7765,0.0382,9.536,6.623,2.914,0.9894,0.997,0.0076,2.932,1786677930.1955884
图片\0814\G270-002.jpg,0814,5954,8423,720.0,720.0,JPEG,RGB,6591960,False,True,False,201,4.068,0.9737,1.0,0.8588,0.0379,9.178,7.018,2.16,0.9862,0.9961,0.0099,3.797,1786688456.7603369
图片\0814\G281-001.jpg,0814,5954,8423,720.0,720.0,JPEG,RGB,6473537,False,True,False,203,4.126,0.9754,1.0,0.8667,0.0389,8.86,5.897,2.963,0.9868,0.9965,0.0097,3.249,1786691379.6923237
图片\0814\G281-002.jpg,0814,5954,8423,720.0,720.0,JPEG,RGB,6517131,False,True,False,207,4.294,0.9751,1.0,0.8667,0.0343,8.932,6.8,2.132,0.9888,0.9964,0.0075,4.128,1786697199.862768
图片\0814\G281-003.jpg,0814,5954,8423,720.0,720.0,JPEG,RGB,6422464,False,True,False,206,4.87,0.9723,1.0,0.8431,0.0406,10.459,7.639,2.82,0.9861,0.9971,0.011,6.14,1786693097.660946
图片\0814\G296-003.jpg,0814,5954,8423,720.0,720.0,JPEG,RGB,6701905,False,True,False,198,5.27,0.9656,1.0,0.7882,0.04,11.544,8.571,2.972,0.9836,0.9966,0.013,6.978,1786694584.394035
图片\F120-003.jpg,图片,4962,7019,600.0,600.0,JPEG,RGB,3877866,False,True,False,205,1.331,0.9867,1.0,0.9451,0.0237,4.568,3.978,0.59,0.9801,0.9978,0.0177,0.891,1786115098.0738587
图片\G136-002.jpg,图片,4962,7019,600.0,600.0,JPEG,RGB,3363685,False,True,False,189,2.959,0.9769,1.0,0.898,0.0261,7.071,5.575,1.496,0.9885,0.9984,0.0099,0.811,1786436896.764172
图片\树叶003.jpg,图片,4962,7019,600.0,600.0,JPEG,RGB,4073405,False,True,False,190,1.503,0.9797,1.0,0.9294,0.0363,6.265,5.003,1.263,0.9795,0.9946,0.0151,4.145,1786112616.235535
图片\树根004.jpg,图片,4962,7019,600.0,600.0,JPEG,RGB,5307498,False,True,False,59,97.844,0.0577,0.1137,0.0275,0.6645,73.377,0.453,72.924,0.0607,0.2816,0.2209,82.776,1786112928.7006667
