src,rel,root_gray,root_sat,root_width_px,fine_pct,shadow_pct,fg_pct,root_pct,edge_artifact
C:\Users\LIHAOYANG\Desktop\采样数据\图片\9.15\114-B-002.jpg,9.15\114-B-002.jpg,157.0,0.0588,22.03,0.0,0.011,9.522,4.74,2.71
C:\Users\LIHAOYANG\Desktop\采样数据\图片\9.15\126-001.jpg,9.15\126-001.jpg,147.0,0.0667,40.11,0.0,0.018,13.861,11.124,3.5
C:\Users\LIHAOYANG\Desktop\采样数据\图片\9.15\146-001.jpg,9.15\146-001.jpg,184.0,0.0667,28.08,0.0,0.008,27.57,11.381,6.74
C:\Users\LIHAOYANG\Desktop\采样数据\图片\9.15\126-002.jpg,9.15\126-002.jpg,152.0,0.0706,36.07,0.0,0.019,10.489,7.715,4.0
C:\Users\LIHAOYANG\Desktop\采样数据\图片\9.15\134-002.jpg,9.15\134-002.jpg,178.0,0.0588,22.03,0.0,0.021,13.829,9.215,6.55
C:\Users\LIHAOYANG\Desktop\采样数据\图片\9.15\136-001.jpg,9.15\136-001.jpg,159.0,0.0706,22.03,0.0,0.004,15.573,9.315,5.59
C:\Users\LIHAOYANG\Desktop\采样数据\图片\9.15\136-003.jpg,9.15\136-003.jpg,166.0,0.0706,22.03,0.0,0.078,10.804,7.332,3.6
C:\Users\LIHAOYANG\Desktop\采样数据\图片\9.15\136-002.jpg,9.15\136-002.jpg,155.0,0.0627,30.08,0.0,0.002,14.724,11.925,7.3
C:\Users\LIHAOYANG\Desktop\采样数据\图片\9.15\146-002.jpg,9.15\146-002.jpg,190.0,0.0588,28.08,0.0,0.032,16.508,9.814,6.76
C:\Users\LIHAOYANG\Desktop\采样数据\图片\9.15\146-B-003.jpg,9.15\146-B-003.jpg,151.0,0.0706,22.03,0.0,0.003,9.853,5.463,2.76
C:\Users\LIHAOYANG\Desktop\采样数据\图片\9.15\160-001.jpg,9.15\160-001.jpg,171.0,0.0627,28.08,0.0,0.001,10.928,9.199,5.76
C:\Users\LIHAOYANG\Desktop\采样数据\图片\9.15\160-002.jpg,9.15\160-002.jpg,164.0,0.0588,28.08,0.0,0.002,14.718,10.425,6.95
C:\Users\LIHAOYANG\Desktop\采样数据\图片\9.15\160-003.jpg,9.15\160-003.jpg,158.0,0.0627,22.03,0.0,0.005,11.376,8.063,7.16
C:\Users\LIHAOYANG\Desktop\采样数据\图片\9.15\162-B.jpg,9.15\162-B.jpg,163.0,0.0627,32.06,0.0,0.003,14.594,8.266,13.81
C:\Users\LIHAOYANG\Desktop\采样数据\图片\9.15\162-002.jpg,9.15\162-002.jpg,152.0,0.0824,30.08,0.0,0.029,10.49,5.78,3.9
C:\Users\LIHAOYANG\Desktop\采样数据\图片\9.15\162-001.jpg,9.15\162-001.jpg,160.0,0.0745,36.07,0.0,0.006,14.672,11.098,4.56
C:\Users\LIHAOYANG\Desktop\采样数据\图片\9.15\166-002.jpg,9.15\166-002.jpg,166.0,0.0706,28.08,0.0,0.034,11.528,8.579,4.95
C:\Users\LIHAOYANG\Desktop\采样数据\图片\9.15\166-003.jpg,9.15\166-003.jpg,170.0,0.0627,28.08,0.0,0.012,14.184,8.952,5.37
C:\Users\LIHAOYANG\Desktop\采样数据\图片\9.15\220-B-004.jpg,9.15\220-B-004.jpg,129.0,0.0706,22.03,0.0,0.001,7.701,6.376,7.38
C:\Users\LIHAOYANG\Desktop\采样数据\图片\9.15\245-002.jpg,9.15\245-002.jpg,164.0,0.0627,28.08,0.0,0.003,11.299,7.228,7.5
C:\Users\LIHAOYANG\Desktop\采样数据\图片\9.15\83-B.jpg,9.15\83-B.jpg,172.0,0.0627,22.03,0.0,0.002,8.426,6.208,4.49
C:\Users\LIHAOYANG\Desktop\采样数据\图片\9.15\299-001.jpg,9.15\299-001.jpg,155.0,0.0745,28.08,0.0,0.005,10.264,7.536,6.89
C:\Users\LIHAOYANG\Desktop\采样数据\图片\9.15\52-B-002.jpg,9.15\52-B-002.jpg,158.0,0.0706,20.05,0.0,0.01,6.657,4.015,2.89
C:\Users\LIHAOYANG\Desktop\采样数据\图片\9.15\44-B.jpg,9.15\44-B.jpg,169.0,0.0588,22.03,0.0,0.003,11.246,7.195,3.49
C:\Users\LIHAOYANG\Desktop\采样数据\图片\9.15\88-001.jpg,9.15\88-001.jpg,162.0,0.0667,32.06,0.0,0.006,14.64,11.515,3.34
C:\Users\LIHAOYANG\Desktop\采样数据\图片\9.15\88-002.jpg,9.15\88-002.jpg,157.0,0.0627,30.08,0.0,0.002,13.932,9.491,2.67
C:\Users\LIHAOYANG\Desktop\采样数据\图片\9.15\88-003.jpg,9.15\88-003.jpg,165.0,0.0745,30.08,0.0,0.033,11.399,7.116,8.46
C:\Users\LIHAOYANG\Desktop\采样数据\图片\9.15\90-001.jpg,9.15\90-001.jpg,155.0,0.0706,22.03,0.0,0.04,10.153,7.049,4.24
C:\Users\LIHAOYANG\Desktop\采样数据\图片\9.15\90-002.jpg,9.15\90-002.jpg,156.0,0.0824,30.08,0.0,0.007,10.43,6.945,3.97
C:\Users\LIHAOYANG\Desktop\采样数据\图片\9.8校准\1001-001.jpg,9.8校准\1001-001.jpg,200.0,0.0745,20.05,0.0,0.105,3.957,2.009,13.16
C:\Users\LIHAOYANG\Desktop\采样数据\图片\9.8校准\1001-002.jpg,9.8校准\1001-002.jpg,177.0,0.1804,20.05,0.0,0.336,2.524,1.532,9.71
C:\Users\LIHAOYANG\Desktop\采样数据\图片\9.8校准\1001-003.jpg,9.8校准\1001-003.jpg,191.0,0.051,30.08,0.0,0.432,2.506,1.828,2.67
C:\Users\LIHAOYANG\Desktop\采样数据\图片\9.8校准\13-GG-004.jpg,9.8校准\13-GG-004.jpg,200.0,0.0627,20.05,0.0,0.073,4.196,2.287,13.06
C:\Users\LIHAOYANG\Desktop\采样数据\图片\9.8校准\16-NS-003.jpg,9.8校准\16-NS-003.jpg,165.0,0.1765,10.03,0.0,0.1,3.039,1.119,13.24
C:\Users\LIHAOYANG\Desktop\采样数据\图片\9.8校准\2005-001.jpg,9.8校准\2005-001.jpg,181.0,0.1765,14.04,0.0,0.151,10.033,1.104,13.68
C:\Users\LIHAOYANG\Desktop\采样数据\图片\9.8校准\20-CL-002.jpg,9.8校准\20-CL-002.jpg,185.0,0.0627,32.06,0.0,0.259,12.657,1.906,6.16
C:\Users\LIHAOYANG\Desktop\采样数据\图片\9.8校准\2005-002.jpg,9.8校准\2005-002.jpg,161.0,0.0863,20.05,0.0,0.143,2.185,1.174,2.85
C:\Users\LIHAOYANG\Desktop\采样数据\图片\9.8校准\2005-003.jpg,9.8校准\2005-003.jpg,202.0,0.0314,28.08,0.0,0.132,8.211,1.782,4.96
C:\Users\LIHAOYANG\Desktop\采样数据\图片\9.8校准\21-CL-001.jpg,9.8校准\21-CL-001.jpg,150.0,0.1294,32.06,0.0,0.593,2.472,1.549,3.08
C:\Users\LIHAOYANG\Desktop\采样数据\图片\9.8校准\22-CL-003.jpg,9.8校准\22-CL-003.jpg,179.0,0.1647,20.05,0.0,0.155,10.378,1.235,14.19
C:\Users\LIHAOYANG\Desktop\采样数据\图片\9.8校准\22-MZ-001.jpg,9.8校准\22-MZ-001.jpg,163.0,0.1961,28.08,0.0,0.292,1.893,1.429,1.97
C:\Users\LIHAOYANG\Desktop\采样数据\图片\9.8校准\28-CL-004.jpg,9.8校准\28-CL-004.jpg,200.0,0.0392,22.03,0.0,0.868,2.644,1.175,2.49
C:\Users\LIHAOYANG\Desktop\采样数据\图片\9.8校准\3004-001.jpg,9.8校准\3004-001.jpg,155.0,0.098,30.08,0.0,0.357,5.776,2.226,3.9
C:\Users\LIHAOYANG\Desktop\采样数据\图片\9.8校准\3004-003.jpg,9.8校准\3004-003.jpg,183.0,0.102,28.08,0.0,0.596,3.675,2.48,8.42
C:\Users\LIHAOYANG\Desktop\采样数据\图片\9.8校准\3004-002.jpg,9.8校准\3004-002.jpg,206.0,0.0353,30.08,0.0,1.204,4.07,2.324,2.91
C:\Users\LIHAOYANG\Desktop\采样数据\图片\9.8校准\28-FX-001.jpg,9.8校准\28-FX-001.jpg,156.0,0.1098,28.08,0.0,1.087,3.617,1.613,3.02
C:\Users\LIHAOYANG\Desktop\采样数据\图片\9.8校准\31-CL-003.jpg,9.8校准\31-CL-003.jpg,202.0,0.0353,22.03,0.0,0.935,3.023,1.502,3.28
C:\Users\LIHAOYANG\Desktop\采样数据\图片\9.8校准\31-QG-001.jpg,9.8校准\31-QG-001.jpg,201.0,0.0353,28.08,0.0,0.107,6.183,2.29,2.91
C:\Users\LIHAOYANG\Desktop\采样数据\图片\9.8校准\32-CL-004.jpg,9.8校准\32-CL-004.jpg,192.0,0.0431,20.05,0.0,3.356,7.383,2.447,3.17
C:\Users\LIHAOYANG\Desktop\采样数据\图片\9.8校准\32-MZ-002.jpg,9.8校准\32-MZ-002.jpg,205.0,0.0275,32.06,0.0,0.22,7.288,3.776,4.33
C:\Users\LIHAOYANG\Desktop\采样数据\图片\9.8校准\32-MZ-001.jpg,9.8校准\32-MZ-001.jpg,202.0,0.0392,22.03,0.0,1.811,3.846,1.43,2.94
C:\Users\LIHAOYANG\Desktop\采样数据\图片\9.8校准\34-CL-003.jpg,9.8校准\34-CL-003.jpg,185.0,0.1765,20.05,0.0,0.382,2.374,1.26,10.41
C:\Users\LIHAOYANG\Desktop\采样数据\图片\9.8校准\34-GP-001.jpg,9.8校准\34-GP-001.jpg,190.0,0.0588,28.08,0.0,1.482,4.063,1.691,2.54
C:\Users\LIHAOYANG\Desktop\采样数据\图片\9.8校准\36-CL-003.jpg,9.8校准\36-CL-003.jpg,203.0,0.0353,32.06,0.0,0.462,2.569,1.755,2.49
C:\Users\LIHAOYANG\Desktop\采样数据\图片\9.8校准\34-CL-004.jpg,9.8校准\34-CL-004.jpg,195.0,0.0314,32.06,0.0,0.746,13.15,8.347,3.61
C:\Users\LIHAOYANG\Desktop\采样数据\图片\9.8校准\36-CL-004.jpg,9.8校准\36-CL-004.jpg,195.5,0.102,20.05,0.0,0.11,3.558,1.647,13.23
C:\Users\LIHAOYANG\Desktop\采样数据\图片\9.8校准\37-MH-001.jpg,9.8校准\37-MH-001.jpg,201.0,0.0314,36.07,0.0,2.419,7.717,4.029,3.86
C:\Users\LIHAOYANG\Desktop\采样数据\图片\9.8校准\37-MH-002.jpg,9.8校准\37-MH-002.jpg,205.0,0.0353,30.08,0.0,2.148,12.171,6.637,2.81
C:\Users\LIHAOYANG\Desktop\采样数据\图片\9.8校准\38-CL-003.jpg,9.8校准\38-CL-003.jpg,204.0,0.0392,32.06,0.0,0.873,3.291,1.695,2.31
C:\Users\LIHAOYANG\Desktop\采样数据\图片\9.8校准\38-CL-004.jpg,9.8校准\38-CL-004.jpg,184.0,0.0431,22.03,0.0,0.14,7.538,2.34,3.66
C:\Users\LIHAOYANG\Desktop\采样数据\图片\9.8校准\38-FX-001.jpg,9.8校准\38-FX-001.jpg,196.0,0.0824,20.05,0.0,0.56,3.057,1.852,8.81
C:\Users\LIHAOYANG\Desktop\采样数据\图片\9.8校准\4001-001.jpg,9.8校准\4001-001.jpg,177.0,0.0941,30.08,0.0,0.136,6.107,4.17,13.61
C:\Users\LIHAOYANG\Desktop\采样数据\图片\多样性林\9.11\182-001.jpg,多样性林\9.11\182-001.jpg,168.0,0.0549,30.08,0.0,0.004,10.711,7.72,8.82
C:\Users\LIHAOYANG\Desktop\采样数据\图片\多样性林\9.11\182-002.jpg,多样性林\9.11\182-002.jpg,171.0,0.0627,30.08,0.0,0.007,12.087,8.762,10.23
C:\Users\LIHAOYANG\Desktop\采样数据\图片\多样性林\9.11\182-003.jpg,多样性林\9.11\182-003.jpg,162.0,0.0745,28.08,0.0,0.013,13.663,9.329,7.7
C:\Users\LIHAOYANG\Desktop\采样数据\图片\多样性林\9.11\190-002.jpg,多样性林\9.11\190-002.jpg,151.0,0.0824,22.03,0.0,0.007,11.96,6.803,4.18
C:\Users\LIHAOYANG\Desktop\采样数据\图片\多样性林\9.11\190-001.jpg,多样性林\9.11\190-001.jpg,170.0,0.0667,28.08,0.0,0.02,11.66,8.87,7.3
C:\Users\LIHAOYANG\Desktop\采样数据\图片\多样性林\9.11\190-003.jpg,多样性林\9.11\190-003.jpg,171.0,0.0667,30.08,0.0,0.024,12.567,9.3,10.29
C:\Users\LIHAOYANG\Desktop\采样数据\图片\多样性林\9.11\211-002.jpg,多样性林\9.11\211-002.jpg,153.0,0.0706,32.06,0.0,0.029,14.68,11.13,3.9
C:\Users\LIHAOYANG\Desktop\采样数据\图片\多样性林\9.11\207-003.jpg,多样性林\9.11\207-003.jpg,171.0,0.0627,30.08,0.0,0.002,19.423,10.791,9.0
C:\Users\LIHAOYANG\Desktop\采样数据\图片\多样性林\9.11\211-001.jpg,多样性林\9.11\211-001.jpg,166.0,0.0667,28.08,0.0,0.17,12.059,8.201,4.28
C:\Users\LIHAOYANG\Desktop\采样数据\图片\多样性林\9.11\211-003.jpg,多样性林\9.11\211-003.jpg,172.0,0.0627,30.08,0.0,0.005,13.263,10.399,7.97
C:\Users\LIHAOYANG\Desktop\采样数据\图片\多样性林\9.11\218-003.jpg,多样性林\9.11\218-003.jpg,168.0,0.0549,36.07,0.0,0.002,33.77,11.893,18.05
C:\Users\LIHAOYANG\Desktop\采样数据\图片\多样性林\9.11\224-001.jpg,多样性林\9.11\224-001.jpg,171.0,0.0627,22.03,0.0,0.091,12.001,8.218,4.1
C:\Users\LIHAOYANG\Desktop\采样数据\图片\多样性林\9.11\224-002.jpg,多样性林\9.11\224-002.jpg,175.0,0.0549,22.03,0.0,0.003,25.269,7.043,17.81
C:\Users\LIHAOYANG\Desktop\采样数据\图片\多样性林\9.11\229-002.jpg,多样性林\9.11\229-002.jpg,180.0,0.051,22.03,0.0,0.003,14.584,8.484,7.09
C:\Users\LIHAOYANG\Desktop\采样数据\图片\多样性林\9.11\23-002.jpg,多样性林\9.11\23-002.jpg,159.0,0.0667,28.08,0.0,0.006,9.339,4.899,15.23
C:\Users\LIHAOYANG\Desktop\采样数据\图片\多样性林\9.11\230-003.jpg,多样性林\9.11\230-003.jpg,161.0,0.0667,30.08,0.0,0.001,16.574,5.571,11.53
C:\Users\LIHAOYANG\Desktop\采样数据\图片\多样性林\9.11\230-001.jpg,多样性林\9.11\230-001.jpg,176.0,0.0627,36.07,0.0,0.003,15.776,12.324,6.6
C:\Users\LIHAOYANG\Desktop\采样数据\图片\多样性林\9.11\245-001.jpg,多样性林\9.11\245-001.jpg,175.0,0.0549,22.03,0.0,0.002,10.79,6.348,5.88
C:\Users\LIHAOYANG\Desktop\采样数据\图片\多样性林\9.11\245-003.jpg,多样性林\9.11\245-003.jpg,158.0,0.0588,28.08,0.0,0.004,7.858,6.614,5.38
C:\Users\LIHAOYANG\Desktop\采样数据\图片\多样性林\9.11\258-002.jpg,多样性林\9.11\258-002.jpg,169.0,0.0667,30.08,0.0,0.002,14.427,6.265,9.05
C:\Users\LIHAOYANG\Desktop\采样数据\图片\多样性林\9.11\266-002.jpg,多样性林\9.11\266-002.jpg,154.0,0.0667,28.08,0.0,0.002,8.144,6.799,3.71
C:\Users\LIHAOYANG\Desktop\采样数据\图片\多样性林\9.11\270-001.jpg,多样性林\9.11\270-001.jpg,169.0,0.0627,22.03,0.0,0.029,9.664,6.819,5.28
C:\Users\LIHAOYANG\Desktop\采样数据\图片\多样性林\9.11\270-003.jpg,多样性林\9.11\270-003.jpg,178.0,0.0588,28.08,0.0,0.002,19.431,6.842,3.57
C:\Users\LIHAOYANG\Desktop\采样数据\图片\多样性林\9.11\275-002.jpg,多样性林\9.11\275-002.jpg,176.0,0.0627,28.08,0.0,0.009,14.414,7.185,6.34
C:\Users\LIHAOYANG\Desktop\采样数据\图片\多样性林\9.11\281-001.jpg,多样性林\9.11\281-001.jpg,154.0,0.0902,20.05,0.0,0.008,7.812,4.823,4.13
C:\Users\LIHAOYANG\Desktop\采样数据\图片\多样性林\9.11\281-003.jpg,多样性林\9.11\281-003.jpg,161.0,0.0667,22.03,0.0,0.048,11.891,7.531,4.81
C:\Users\LIHAOYANG\Desktop\采样数据\图片\多样性林\9.11\292-002.jpg,多样性林\9.11\292-002.jpg,178.0,0.0588,28.08,0.0,0.011,10.303,7.93,5.86
C:\Users\LIHAOYANG\Desktop\采样数据\图片\多样性林\9.11\296-003.jpg,多样性林\9.11\296-003.jpg,177.0,0.0667,36.07,0.0,0.009,20.495,10.843,8.87
C:\Users\LIHAOYANG\Desktop\采样数据\图片\多样性林\9.11\62-001.jpg,多样性林\9.11\62-001.jpg,163.0,0.0745,30.08,0.0,0.011,10.264,6.653,12.97
C:\Users\LIHAOYANG\Desktop\采样数据\图片\多样性林\9.12\G120-001.jpg,多样性林\9.12\G120-001.jpg,188.0,0.0549,22.03,0.0,0.143,10.545,7.192,3.58
C:\Users\LIHAOYANG\Desktop\采样数据\图片\多样性林\9.12\G121-001.jpg,多样性林\9.12\G121-001.jpg,177.0,0.0706,32.06,0.0,0.015,11.228,5.649,1.91
C:\Users\LIHAOYANG\Desktop\采样数据\图片\多样性林\9.11\74-003.jpg,多样性林\9.11\74-003.jpg,152.0,0.0667,30.08,0.0,0.003,9.35,7.185,10.01
C:\Users\LIHAOYANG\Desktop\采样数据\图片\多样性林\9.12\G120-002.jpg,多样性林\9.12\G120-002.jpg,167.0,0.0627,20.05,0.0,0.11,11.173,6.147,3.53
C:\Users\LIHAOYANG\Desktop\采样数据\图片\多样性林\9.12\G120-003.jpg,多样性林\9.12\G120-003.jpg,169.0,0.0588,20.05,0.0,0.031,7.446,4.637,4.32
C:\Users\LIHAOYANG\Desktop\采样数据\图片\多样性林\9.12\G121-002.jpg,多样性林\9.12\G121-002.jpg,171.0,0.0706,28.08,0.0,0.006,11.392,7.152,4.18
C:\Users\LIHAOYANG\Desktop\采样数据\图片\多样性林\9.12\G121-003.jpg,多样性林\9.12\G121-003.jpg,162.0,0.0745,30.08,0.0,0.007,9.176,6.615,4.94
C:\Users\LIHAOYANG\Desktop\采样数据\图片\多样性林\9.12\G176-001.jpg,多样性林\9.12\G176-001.jpg,160.0,0.0745,36.07,0.0,0.007,26.934,6.736,7.59
C:\Users\LIHAOYANG\Desktop\采样数据\图片\多样性林\9.12\G176-003.jpg,多样性林\9.12\G176-003.jpg,176.0,0.0667,32.06,0.0,0.006,16.463,8.158,9.11
C:\Users\LIHAOYANG\Desktop\采样数据\图片\多样性林\9.12\G176-002.jpg,多样性林\9.12\G176-002.jpg,146.0,0.0745,22.03,0.0,0.023,8.347,5.866,2.73
C:\Users\LIHAOYANG\Desktop\采样数据\图片\多样性林\9.12\G218-002.jpg,多样性林\9.12\G218-002.jpg,188.0,0.0627,22.03,0.0,0.042,8.641,3.759,5.51
C:\Users\LIHAOYANG\Desktop\采样数据\图片\多样性林\9.12\G225-003.jpg,多样性林\9.12\G225-003.jpg,166.0,0.0627,30.08,0.0,0.015,17.767,9.514,18.88
C:\Users\LIHAOYANG\Desktop\采样数据\图片\多样性林\9.12\G207-002.jpg,多样性林\9.12\G207-002.jpg,160.0,0.0667,28.08,0.0,0.044,11.982,7.462,19.92
C:\Users\LIHAOYANG\Desktop\采样数据\图片\多样性林\9.12\G23-001.jpg,多样性林\9.12\G23-001.jpg,175.0,0.0627,28.08,0.0,0.02,9.846,7.182,3.88
C:\Users\LIHAOYANG\Desktop\采样数据\图片\多样性林\9.12\G23-003.jpg,多样性林\9.12\G23-003.jpg,149.0,0.0706,20.05,0.0,0.171,14.443,4.26,8.93
C:\Users\LIHAOYANG\Desktop\采样数据\图片\多样性林\9.12\G258-001.jpg,多样性林\9.12\G258-001.jpg,164.0,0.0667,32.06,0.0,0.005,12.028,7.674,5.5
C:\Users\LIHAOYANG\Desktop\采样数据\图片\多样性林\9.12\G258-003.jpg,多样性林\9.12\G258-003.jpg,164.0,0.0627,30.08,0.0,0.003,10.129,7.32,3.63
C:\Users\LIHAOYANG\Desktop\采样数据\图片\多样性林\9.12\G27-002.jpg,多样性林\9.12\G27-002.jpg,164.0,0.0588,22.03,0.0,0.002,6.9,4.669,3.54
C:\Users\LIHAOYANG\Desktop\采样数据\图片\多样性林\9.12\G27-003.jpg,多样性林\9.12\G27-003.jpg,131.0,0.0902,28.08,0.0,0.016,13.565,4.934,14.94
C:\Users\LIHAOYANG\Desktop\采样数据\图片\多样性林\9.12\G28-001.jpg,多样性林\9.12\G28-001.jpg,164.0,0.0588,22.03,0.0,0.015,6.505,5.122,3.45
C:\Users\LIHAOYANG\Desktop\采样数据\图片\多样性林\9.12\G28-002.jpg,多样性林\9.12\G28-002.jpg,184.0,0.0549,22.03,0.0,0.012,10.821,4.569,5.15
C:\Users\LIHAOYANG\Desktop\采样数据\图片\多样性林\9.12\G28-003.jpg,多样性林\9.12\G28-003.jpg,153.0,0.0706,28.08,0.0,0.044,15.222,5.614,2.92
C:\Users\LIHAOYANG\Desktop\采样数据\图片\多样性林\9.12\G31-001.jpg,多样性林\9.12\G31-001.jpg,167.0,0.0549,28.08,0.0,0.003,11.413,7.24,5.09
C:\Users\LIHAOYANG\Desktop\采样数据\图片\多样性林\9.12\G281-002.jpg,多样性林\9.12\G281-002.jpg,177.0,0.0667,28.08,0.0,0.003,8.801,6.439,5.66
C:\Users\LIHAOYANG\Desktop\采样数据\图片\多样性林\9.12\G31-002.jpg,多样性林\9.12\G31-002.jpg,172.0,0.0706,30.08,0.0,0.001,13.225,9.611,4.45
C:\Users\LIHAOYANG\Desktop\采样数据\图片\多样性林\9.12\G31-003.jpg,多样性林\9.12\G31-003.jpg,166.0,0.0627,32.06,0.0,0.003,15.837,9.779,6.94
C:\Users\LIHAOYANG\Desktop\采样数据\图片\多样性林\9.12\G74-002.jpg,多样性林\9.12\G74-002.jpg,172.0,0.0627,28.08,0.0,0.017,20.292,5.926,5.41
C:\Users\LIHAOYANG\Desktop\采样数据\图片\多样性林\9.12\G80-001.jpg,多样性林\9.12\G80-001.jpg,178.0,0.0706,30.08,0.0,0.002,11.295,8.035,1.55
C:\Users\LIHAOYANG\Desktop\采样数据\图片\多样性林\9.12\G80-002.jpg,多样性林\9.12\G80-002.jpg,161.0,0.0745,28.08,0.0,0.018,12.851,9.619,4.52
C:\Users\LIHAOYANG\Desktop\采样数据\图片\多样性林\9.12\G80-003.jpg,多样性林\9.12\G80-003.jpg,153.0,0.0745,22.03,0.0,0.003,16.526,9.252,7.94
C:\Users\LIHAOYANG\Desktop\采样数据\图片\多样性林\9.14\114-003.jpg,多样性林\9.14\114-003.jpg,173.0,0.0706,28.08,0.0,0.043,11.692,8.344,5.81
C:\Users\LIHAOYANG\Desktop\采样数据\图片\多样性林\9.14\134-001.jpg,多样性林\9.14\134-001.jpg,155.0,0.0824,28.08,0.0,0.037,13.575,10.577,5.21
C:\Users\LIHAOYANG\Desktop\采样数据\图片\多样性林\9.14\146-003.jpg,多样性林\9.14\146-003.jpg,174.0,0.0667,30.08,0.0,0.012,19.516,14.119,6.02
C:\Users\LIHAOYANG\Desktop\采样数据\图片\多样性林\9.14\166-001.jpg,多样性林\9.14\166-001.jpg,172.0,0.0784,28.08,0.0,0.034,12.217,8.998,5.22
C:\Users\LIHAOYANG\Desktop\采样数据\图片\多样性林\9.14\185-001.jpg,多样性林\9.14\185-001.jpg,175.0,0.0824,20.05,0.0,0.03,11.452,5.84,5.88
C:\Users\LIHAOYANG\Desktop\采样数据\图片\多样性林\9.14\185-002.jpg,多样性林\9.14\185-002.jpg,173.0,0.0588,22.03,0.0,0.085,10.652,7.026,4.86
C:\Users\LIHAOYANG\Desktop\采样数据\图片\多样性林\9.14\207-001.jpg,多样性林\9.14\207-001.jpg,162.0,0.0667,30.08,0.0,0.005,11.601,9.474,1.81
C:\Users\LIHAOYANG\Desktop\采样数据\图片\多样性林\9.14\185-003.jpg,多样性林\9.14\185-003.jpg,182.0,0.0588,22.03,0.0,0.07,25.844,8.568,6.62
C:\Users\LIHAOYANG\Desktop\采样数据\图片\多样性林\9.14\220-001.jpg,多样性林\9.14\220-001.jpg,161.0,0.0667,22.03,0.0,0.037,8.73,5.217,3.55
C:\Users\LIHAOYANG\Desktop\采样数据\图片\多样性林\9.14\220-002.jpg,多样性林\9.14\220-002.jpg,172.0,0.0667,22.03,0.0,0.009,9.468,5.775,9.26
C:\Users\LIHAOYANG\Desktop\采样数据\图片\多样性林\9.14\225-001.jpg,多样性林\9.14\225-001.jpg,162.0,0.0706,22.03,0.0,0.007,9.697,6.373,3.2
C:\Users\LIHAOYANG\Desktop\采样数据\图片\多样性林\9.14\225-002.jpg,多样性林\9.14\225-002.jpg,167.0,0.0667,22.03,0.0,0.016,8.041,6.265,1.75
C:\Users\LIHAOYANG\Desktop\采样数据\图片\多样性林\9.14\229-003.jpg,多样性林\9.14\229-003.jpg,178.0,0.051,30.08,0.0,0.009,27.258,15.782,7.81
C:\Users\LIHAOYANG\Desktop\采样数据\图片\多样性林\9.14\230-002.jpg,多样性林\9.14\230-002.jpg,162.0,0.0784,28.08,0.0,0.003,9.676,7.102,5.36
C:\Users\LIHAOYANG\Desktop\采样数据\图片\多样性林\9.14\229-001.jpg,多样性林\9.14\229-001.jpg,184.0,0.0549,22.03,0.0,0.073,13.193,9.69,5.24
C:\Users\LIHAOYANG\Desktop\采样数据\图片\多样性林\9.14\246-001.jpg,多样性林\9.14\246-001.jpg,153.0,0.0784,22.03,0.0,0.042,7.826,5.412,3.09
C:\Users\LIHAOYANG\Desktop\采样数据\图片\多样性林\9.14\246-002.jpg,多样性林\9.14\246-002.jpg,153.0,0.0745,20.05,0.0,0.003,7.706,4.873,3.18
C:\Users\LIHAOYANG\Desktop\采样数据\图片\多样性林\9.14\246-003.jpg,多样性林\9.14\246-003.jpg,159.0,0.0784,20.05,0.0,0.003,8.988,5.739,4.44
C:\Users\LIHAOYANG\Desktop\采样数据\图片\多样性林\9.14\266-001.jpg,多样性林\9.14\266-001.jpg,132.0,0.0863,28.08,0.0,0.0,8.615,5.46,2.11
C:\Users\LIHAOYANG\Desktop\采样数据\图片\多样性林\9.14\266-003.jpg,多样性林\9.14\266-003.jpg,172.0,0.0784,28.08,0.0,0.026,12.437,10.052,5.81
C:\Users\LIHAOYANG\Desktop\采样数据\图片\多样性林\9.14\296-001.jpg,多样性林\9.14\296-001.jpg,166.0,0.0627,32.06,0.0,0.002,16.309,12.85,2.5
C:\Users\LIHAOYANG\Desktop\采样数据\图片\多样性林\9.14\275-001.jpg,多样性林\9.14\275-001.jpg,172.0,0.0627,22.03,0.0,0.027,7.876,5.731,4.81
C:\Users\LIHAOYANG\Desktop\采样数据\图片\多样性林\9.14\270-002.jpg,多样性林\9.14\270-002.jpg,167.0,0.0784,22.03,0.0,0.023,10.742,8.035,6.08
C:\Users\LIHAOYANG\Desktop\采样数据\图片\多样性林\9.14\299-002.jpg,多样性林\9.14\299-002.jpg,164.0,0.0902,20.05,0.0,0.017,8.276,4.91,5.34
C:\Users\LIHAOYANG\Desktop\采样数据\图片\多样性林\9.14\299-003.jpg,多样性林\9.14\299-003.jpg,166.0,0.0824,22.03,0.0,0.032,8.241,5.719,5.28
C:\Users\LIHAOYANG\Desktop\采样数据\图片\多样性林\9.14\44-002.jpg,多样性林\9.14\44-002.jpg,130.0,0.0941,20.05,0.0,0.0,7.485,4.727,2.13
C:\Users\LIHAOYANG\Desktop\采样数据\图片\多样性林\9.14\44-003.jpg,多样性林\9.14\44-003.jpg,151.0,0.0706,22.03,0.0,0.0,11.272,7.971,3.05
C:\Users\LIHAOYANG\Desktop\采样数据\图片\多样性林\9.14\74-001.jpg,多样性林\9.14\74-001.jpg,167.0,0.0667,28.08,0.0,0.0,10.177,6.841,2.59
C:\Users\LIHAOYANG\Desktop\采样数据\图片\多样性林\9.14\91-001.jpg,多样性林\9.14\91-001.jpg,165.0,0.0824,22.03,0.0,0.031,9.061,6.652,5.78
C:\Users\LIHAOYANG\Desktop\采样数据\图片\多样性林\9.15\114-B-002.jpg,多样性林\9.15\114-B-002.jpg,157.0,0.0588,22.03,0.0,0.011,9.522,4.74,2.71
C:\Users\LIHAOYANG\Desktop\采样数据\图片\多样性林\9.15\126-001.jpg,多样性林\9.15\126-001.jpg,147.0,0.0667,40.11,0.0,0.018,13.861,11.124,3.5
C:\Users\LIHAOYANG\Desktop\采样数据\图片\多样性林\9.15\126-002.jpg,多样性林\9.15\126-002.jpg,152.0,0.0706,36.07,0.0,0.019,10.489,7.715,4.0
C:\Users\LIHAOYANG\Desktop\采样数据\图片\多样性林\9.15\134-002.jpg,多样性林\9.15\134-002.jpg,178.0,0.0588,22.03,0.0,0.021,13.829,9.215,6.55
C:\Users\LIHAOYANG\Desktop\采样数据\图片\多样性林\9.15\136-001.jpg,多样性林\9.15\136-001.jpg,159.0,0.0706,22.03,0.0,0.004,15.573,9.315,5.59
C:\Users\LIHAOYANG\Desktop\采样数据\图片\多样性林\9.15\136-002.jpg,多样性林\9.15\136-002.jpg,155.0,0.0627,30.08,0.0,0.002,14.724,11.925,7.3
C:\Users\LIHAOYANG\Desktop\采样数据\图片\多样性林\9.15\136-003.jpg,多样性林\9.15\136-003.jpg,166.0,0.0706,22.03,0.0,0.078,10.804,7.332,3.6
C:\Users\LIHAOYANG\Desktop\采样数据\图片\多样性林\9.15\146-001.jpg,多样性林\9.15\146-001.jpg,184.0,0.0667,28.08,0.0,0.008,27.57,11.381,6.74
C:\Users\LIHAOYANG\Desktop\采样数据\图片\多样性林\9.15\146-002.jpg,多样性林\9.15\146-002.jpg,190.0,0.0588,28.08,0.0,0.032,16.508,9.814,6.76
C:\Users\LIHAOYANG\Desktop\采样数据\图片\多样性林\9.15\146-B-003.jpg,多样性林\9.15\146-B-003.jpg,151.0,0.0706,22.03,0.0,0.003,9.853,5.463,2.76
C:\Users\LIHAOYANG\Desktop\采样数据\图片\多样性林\9.15\160-001.jpg,多样性林\9.15\160-001.jpg,171.0,0.0627,28.08,0.0,0.001,10.928,9.199,5.76
C:\Users\LIHAOYANG\Desktop\采样数据\图片\多样性林\9.15\160-002.jpg,多样性林\9.15\160-002.jpg,164.0,0.0588,28.08,0.0,0.002,14.718,10.425,6.95
C:\Users\LIHAOYANG\Desktop\采样数据\图片\多样性林\9.15\160-003.jpg,多样性林\9.15\160-003.jpg,158.0,0.0627,22.03,0.0,0.005,11.376,8.063,7.16
C:\Users\LIHAOYANG\Desktop\采样数据\图片\多样性林\9.15\162-001.jpg,多样性林\9.15\162-001.jpg,160.0,0.0745,36.07,0.0,0.006,14.672,11.098,4.56
C:\Users\LIHAOYANG\Desktop\采样数据\图片\多样性林\9.15\162-002.jpg,多样性林\9.15\162-002.jpg,152.0,0.0824,30.08,0.0,0.029,10.49,5.78,3.9
C:\Users\LIHAOYANG\Desktop\采样数据\图片\多样性林\9.15\162-B.jpg,多样性林\9.15\162-B.jpg,163.0,0.0627,32.06,0.0,0.003,14.594,8.266,13.81
C:\Users\LIHAOYANG\Desktop\采样数据\图片\多样性林\9.15\166-002.jpg,多样性林\9.15\166-002.jpg,166.0,0.0706,28.08,0.0,0.034,11.528,8.579,4.95
C:\Users\LIHAOYANG\Desktop\采样数据\图片\多样性林\9.15\166-003.jpg,多样性林\9.15\166-003.jpg,170.0,0.0627,28.08,0.0,0.012,14.184,8.952,5.37
C:\Users\LIHAOYANG\Desktop\采样数据\图片\多样性林\9.15\245-002.jpg,多样性林\9.15\245-002.jpg,164.0,0.0627,28.08,0.0,0.003,11.299,7.228,7.5
C:\Users\LIHAOYANG\Desktop\采样数据\图片\多样性林\9.15\220-B-004.jpg,多样性林\9.15\220-B-004.jpg,129.0,0.0706,22.03,0.0,0.001,7.701,6.376,7.38
C:\Users\LIHAOYANG\Desktop\采样数据\图片\多样性林\9.15\299-001.jpg,多样性林\9.15\299-001.jpg,155.0,0.0745,28.08,0.0,0.005,10.264,7.536,6.89
C:\Users\LIHAOYANG\Desktop\采样数据\图片\多样性林\9.15\44-B.jpg,多样性林\9.15\44-B.jpg,169.0,0.0588,22.03,0.0,0.003,11.246,7.195,3.49
C:\Users\LIHAOYANG\Desktop\采样数据\图片\多样性林\9.15\52-B-002.jpg,多样性林\9.15\52-B-002.jpg,158.0,0.0706,20.05,0.0,0.01,6.657,4.015,2.89
C:\Users\LIHAOYANG\Desktop\采样数据\图片\多样性林\9.15\83-B.jpg,多样性林\9.15\83-B.jpg,172.0,0.0627,22.03,0.0,0.002,8.426,6.208,4.49
C:\Users\LIHAOYANG\Desktop\采样数据\图片\多样性林\9.15\88-001.jpg,多样性林\9.15\88-001.jpg,162.0,0.0667,32.06,0.0,0.006,14.64,11.515,3.34
C:\Users\LIHAOYANG\Desktop\采样数据\图片\多样性林\9.15\88-002.jpg,多样性林\9.15\88-002.jpg,157.0,0.0627,30.08,0.0,0.002,13.932,9.491,2.67
C:\Users\LIHAOYANG\Desktop\采样数据\图片\多样性林\9.15\90-002.jpg,多样性林\9.15\90-002.jpg,156.0,0.0824,30.08,0.0,0.007,10.43,6.945,3.97
C:\Users\LIHAOYANG\Desktop\采样数据\图片\多样性林\9.15\88-003.jpg,多样性林\9.15\88-003.jpg,165.0,0.0745,30.08,0.0,0.033,11.399,7.116,8.46
C:\Users\LIHAOYANG\Desktop\采样数据\图片\多样性林\9.15\90-001.jpg,多样性林\9.15\90-001.jpg,155.0,0.0706,22.03,0.0,0.04,10.153,7.049,4.24
C:\Users\LIHAOYANG\Desktop\采样数据\图片\多样性林\9.9\00000-001.tif,多样性林\9.9\00000-001.tif,138.0,0.1686,20.05,0.0,2.816,10.843,5.602,7.62
C:\Users\LIHAOYANG\Desktop\采样数据\图片\多样性林\9.9\114-001.tif,多样性林\9.9\114-001.tif,137.0,0.2118,20.05,0.0,1.47,6.158,2.834,6.31
C:\Users\LIHAOYANG\Desktop\采样数据\图片\多样性林\9.9\169-002.tif,多样性林\9.9\169-002.tif,149.0,0.1569,20.05,0.0,1.542,9.349,5.842,6.06
C:\Users\LIHAOYANG\Desktop\采样数据\图片\多样性林\9.9\169-003.jpg,多样性林\9.9\169-003.jpg,196.0,0.051,22.03,0.0,0.495,8.06,6.459,12.07
C:\Users\LIHAOYANG\Desktop\采样数据\图片\多样性林\9.9\22-001.jpg,多样性林\9.9\22-001.jpg,207.0,0.0314,30.08,0.0,0.713,16.046,12.032,12.1
C:\Users\LIHAOYANG\Desktop\采样数据\图片\多样性林\9.9\275-003.jpg,多样性林\9.9\275-003.jpg,203.0,0.0314,32.06,0.0,0.329,10.482,9.12,11.75
C:\Users\LIHAOYANG\Desktop\采样数据\图片\多样性林\9.9\52-001.tif,多样性林\9.9\52-001.tif,167.0,0.1333,20.05,0.0,2.595,9.956,5.845,5.42
C:\Users\LIHAOYANG\Desktop\采样数据\图片\多样性林\9.9\44-001.jpg,多样性林\9.9\44-001.jpg,206.0,0.0353,28.08,0.0,1.383,25.419,13.839,20.21
C:\Users\LIHAOYANG\Desktop\采样数据\图片\多样性林\9.9\46-002.jpg,多样性林\9.9\46-002.jpg,204.0,0.0275,30.08,0.0,0.734,19.245,14.604,13.24
C:\Users\LIHAOYANG\Desktop\采样数据\图片\多样性林\9.9\46-003.jpg,多样性林\9.9\46-003.jpg,205.0,0.0314,30.08,0.0,0.382,9.978,8.373,12.92
C:\Users\LIHAOYANG\Desktop\采样数据\图片\多样性林\9.9\52-002.tif,多样性林\9.9\52-002.tif,148.0,0.1098,20.05,0.0,1.54,9.767,5.293,8.58
C:\Users\LIHAOYANG\Desktop\采样数据\图片\多样性林\9.9\62-002.tif,多样性林\9.9\62-002.tif,188.0,0.0314,30.08,0.0,2.475,14.87,8.757,11.35
C:\Users\LIHAOYANG\Desktop\采样数据\图片\多样性林\9.9\62-003.tif,多样性林\9.9\62-003.tif,155.0,0.1098,22.03,0.0,2.265,8.374,4.452,8.19
C:\Users\LIHAOYANG\Desktop\采样数据\图片\多样性林\9.9\90-003.tif,多样性林\9.9\90-003.tif,167.0,0.102,22.03,0.0,1.976,8.94,5.001,5.81
C:\Users\LIHAOYANG\Desktop\采样数据\图片\多样性林\9.9\66-001.jpg,多样性林\9.9\66-001.jpg,210.0,0.0314,28.08,0.0,1.254,19.578,13.48,11.88
C:\Users\LIHAOYANG\Desktop\采样数据\图片\多样性林\9.9\86-003.tif,多样性林\9.9\86-003.tif,171.0,0.0588,20.05,0.0,0.669,5.67,4.235,5.95
C:\Users\LIHAOYANG\Desktop\采样数据\图片\多样性林\9.9\66-002.jpg,多样性林\9.9\66-002.jpg,204.0,0.0314,28.08,0.0,0.523,7.731,6.384,12.68
C:\Users\LIHAOYANG\Desktop\采样数据\图片\多样性林\9.9\86-001.jpg,多样性林\9.9\86-001.jpg,205.0,0.0314,22.03,0.0,0.518,14.007,9.641,12.61
C:\Users\LIHAOYANG\Desktop\采样数据\图片\多样性林\9.9\86-002.jpg,多样性林\9.9\86-002.jpg,208.0,0.0314,30.08,0.0,1.117,23.158,15.46,13.47
C:\Users\LIHAOYANG\Desktop\采样数据\图片\多样性林\9.9\91-003.tif,多样性林\9.9\91-003.tif,158.0,0.098,20.05,0.0,2.087,7.889,4.101,8.5
C:\Users\LIHAOYANG\Desktop\采样数据\图片\多样性林\9.9\91-002.jpg,多样性林\9.9\91-002.jpg,198.0,0.0471,28.08,0.0,0.515,6.064,5.164,10.76
