样本,人工,CV,UNet,人工_状态,CV_状态,UNet_状态
00000-001,C:\Users\LIHAOYANG\Desktop\测试\人工\9.9改\00000-001-man.tif,D:\根系分割项目\白底根图_第二数据集\多样性林\9.9\00000-001.jpg,D:\根系分割项目\outputs\预标注候选\00000-001-unet.tif,OK 7019x4962 RGB,OK 7019x4962 RGB,OK 7019x4962 RGB
1001-001,,D:\根系分割项目\白底根图_第二数据集\9.8校准\1001-001.jpg,D:\根系分割项目\outputs\预标注候选\1001-001-unet.tif,无,OK 7019x4962 RGB,OK 7019x4962 RGB
1001-002,,D:\根系分割项目\白底根图_第二数据集\9.8校准\1001-002.jpg,D:\根系分割项目\outputs\预标注候选\1001-002-unet.tif,无,OK 7019x4962 RGB,OK 7019x4962 RGB
1001-003,,D:\根系分割项目\白底根图_第二数据集\9.8校准\1001-003.jpg,D:\根系分割项目\outputs\预标注候选\1001-003-unet.tif,无,OK 7019x4962 RGB,OK 7019x4962 RGB
114-001,,D:\根系分割项目\白底根图_第二数据集\多样性林\9.9\114-001.jpg,D:\根系分割项目\outputs\预标注候选\114-001-unet.tif,无,OK 7019x4962 RGB,OK 7019x4962 RGB
114-003,,D:\根系分割项目\白底根图_第二数据集\多样性林\9.14\114-003.jpg,D:\根系分割项目\outputs\预标注候选\114-003-unet.tif,无,OK 7019x4962 RGB,OK 7019x4962 RGB
114-B-002,,D:\根系分割项目\白底根图_第二数据集\9.15\114-B-002.jpg,D:\根系分割项目\outputs\预标注候选\114-B-002-unet.tif,无,OK 7019x4962 RGB,OK 7019x4962 RGB
126-001,,D:\根系分割项目\白底根图_第二数据集\9.15\126-001.jpg,D:\根系分割项目\outputs\预标注候选\126-001-unet.tif,无,OK 7019x4962 RGB,OK 7019x4962 RGB
126-002,,D:\根系分割项目\白底根图_第二数据集\9.15\126-002.jpg,D:\根系分割项目\outputs\预标注候选\126-002-unet.tif,无,OK 7019x4962 RGB,OK 7019x4962 RGB
126-003,C:\Users\LIHAOYANG\Desktop\测试\人工\126-003-man.tif,D:\根系分割项目\白底根图_第二数据集\9.15\126-003.jpg,D:\根系分割项目\outputs\预标注候选\126-003-unet.tif,OK 7019x4962 RGB,OK 7019x4962 RGB,OK 7019x4962 RGB
13-GG-004,,D:\根系分割项目\白底根图_第二数据集\9.8校准\13-GG-004.jpg,D:\根系分割项目\outputs\预标注候选\13-GG-004-unet.tif,无,OK 7019x4962 RGB,OK 7019x4962 RGB
134-001,,D:\根系分割项目\白底根图_第二数据集\多样性林\9.14\134-001.jpg,D:\根系分割项目\outputs\预标注候选\134-001-unet.tif,无,OK 7019x4962 RGB,OK 7019x4962 RGB
134-002,,D:\根系分割项目\白底根图_第二数据集\9.15\134-002.jpg,D:\根系分割项目\outputs\预标注候选\134-002-unet.tif,无,OK 7019x4962 RGB,OK 7019x4962 RGB
134-003,C:\Users\LIHAOYANG\Desktop\测试\人工\134-003-man.tif,D:\根系分割项目\白底根图_第二数据集\多样性林\9.14\134-003.jpg,D:\根系分割项目\outputs\预标注候选\134-003-unet.tif,OK 7019x4962 RGB,OK 7019x4962 RGB,OK 7019x4962 RGB
136-001,,D:\根系分割项目\白底根图_第二数据集\9.15\136-001.jpg,D:\根系分割项目\outputs\预标注候选\136-001-unet.tif,无,OK 7019x4962 RGB,OK 7019x4962 RGB
136-002,,D:\根系分割项目\白底根图_第二数据集\9.15\136-002.jpg,D:\根系分割项目\outputs\预标注候选\136-002-unet.tif,无,OK 7019x4962 RGB,OK 7019x4962 RGB
136-003,,D:\根系分割项目\白底根图_第二数据集\9.15\136-003.jpg,D:\根系分割项目\outputs\预标注候选\136-003-unet.tif,无,OK 7019x4962 RGB,OK 7019x4962 RGB
146-001,,D:\根系分割项目\白底根图_第二数据集\9.15\146-001.jpg,D:\根系分割项目\outputs\预标注候选\146-001-unet.tif,无,OK 7019x4962 RGB,OK 7019x4962 RGB
146-002,,D:\根系分割项目\白底根图_第二数据集\9.15\146-002.jpg,D:\根系分割项目\outputs\预标注候选\146-002-unet.tif,无,OK 7019x4962 RGB,OK 7019x4962 RGB
146-003,,D:\根系分割项目\白底根图_第二数据集\多样性林\9.14\146-003.jpg,D:\根系分割项目\outputs\预标注候选\146-003-unet.tif,无,OK 7019x4962 RGB,OK 7019x4962 RGB
146-B-003,,D:\根系分割项目\白底根图_第二数据集\9.15\146-B-003.jpg,D:\根系分割项目\outputs\预标注候选\146-B-003-unet.tif,无,OK 7019x4962 RGB,OK 7019x4962 RGB
16-NS-003,,D:\根系分割项目\白底根图_第二数据集\9.8校准\16-NS-003.jpg,D:\根系分割项目\outputs\预标注候选\16-NS-003-unet.tif,无,OK 7019x4962 RGB,OK 7019x4962 RGB
160-001,,D:\根系分割项目\白底根图_第二数据集\9.15\160-001.jpg,D:\根系分割项目\outputs\预标注候选\160-001-unet.tif,无,OK 7019x4962 RGB,OK 7019x4962 RGB
160-002,,D:\根系分割项目\白底根图_第二数据集\9.15\160-002.jpg,D:\根系分割项目\outputs\预标注候选\160-002-unet.tif,无,OK 7019x4962 RGB,OK 7019x4962 RGB
160-003,,D:\根系分割项目\白底根图_第二数据集\9.15\160-003.jpg,D:\根系分割项目\outputs\预标注候选\160-003-unet.tif,无,OK 7019x4962 RGB,OK 7019x4962 RGB
162-001,,D:\根系分割项目\白底根图_第二数据集\9.15\162-001.jpg,D:\根系分割项目\outputs\预标注候选\162-001-unet.tif,无,OK 7019x4962 RGB,OK 7019x4962 RGB
162-002,,D:\根系分割项目\白底根图_第二数据集\9.15\162-002.jpg,D:\根系分割项目\outputs\预标注候选\162-002-unet.tif,无,OK 7019x4962 RGB,OK 7019x4962 RGB
162-B,,D:\根系分割项目\白底根图_第二数据集\9.15\162-B.jpg,D:\根系分割项目\outputs\预标注候选\162-B-unet.tif,无,OK 7019x4962 RGB,OK 7019x4962 RGB
166-001,,D:\根系分割项目\白底根图_第二数据集\多样性林\9.14\166-001.jpg,D:\根系分割项目\outputs\预标注候选\166-001-unet.tif,无,OK 7019x4962 RGB,OK 7019x4962 RGB
166-002,,D:\根系分割项目\白底根图_第二数据集\9.15\166-002.jpg,D:\根系分割项目\outputs\预标注候选\166-002-unet.tif,无,OK 7019x4962 RGB,OK 7019x4962 RGB
166-003,,D:\根系分割项目\白底根图_第二数据集\9.15\166-003.jpg,D:\根系分割项目\outputs\预标注候选\166-003-unet.tif,无,OK 7019x4962 RGB,OK 7019x4962 RGB
169-002,,D:\根系分割项目\白底根图_第二数据集\多样性林\9.9\169-002.jpg,D:\根系分割项目\outputs\预标注候选\169-002-unet.tif,无,OK 7019x4962 RGB,OK 7019x4962 RGB
169-003,,D:\根系分割项目\白底根图_第二数据集\多样性林\9.9\169-003.jpg,D:\根系分割项目\outputs\预标注候选\169-003-unet.tif,无,OK 7019x4962 RGB,OK 7019x4962 RGB
182-001,,D:\根系分割项目\白底根图_第二数据集\多样性林\9.11\182-001.jpg,D:\根系分割项目\outputs\预标注候选\182-001-unet.tif,无,OK 7019x4962 RGB,OK 7019x4962 RGB
182-002,,D:\根系分割项目\白底根图_第二数据集\多样性林\9.11\182-002.jpg,D:\根系分割项目\outputs\预标注候选\182-002-unet.tif,无,OK 7019x4962 RGB,OK 7019x4962 RGB
182-003,,D:\根系分割项目\白底根图_第二数据集\多样性林\9.11\182-003.jpg,D:\根系分割项目\outputs\预标注候选\182-003-unet.tif,无,OK 7019x4962 RGB,OK 7019x4962 RGB
185-001,,D:\根系分割项目\白底根图_第二数据集\多样性林\9.14\185-001.jpg,D:\根系分割项目\outputs\预标注候选\185-001-unet.tif,无,OK 7019x4962 RGB,OK 7019x4962 RGB
185-002,,D:\根系分割项目\白底根图_第二数据集\多样性林\9.14\185-002.jpg,D:\根系分割项目\outputs\预标注候选\185-002-unet.tif,无,OK 7019x4962 RGB,OK 7019x4962 RGB
185-003,,D:\根系分割项目\白底根图_第二数据集\多样性林\9.14\185-003.jpg,D:\根系分割项目\outputs\预标注候选\185-003-unet.tif,无,OK 7019x4962 RGB,OK 7019x4962 RGB
190-001,,D:\根系分割项目\白底根图_第二数据集\多样性林\9.11\190-001.jpg,D:\根系分割项目\outputs\预标注候选\190-001-unet.tif,无,OK 7019x4962 RGB,OK 7019x4962 RGB
190-002,,D:\根系分割项目\白底根图_第二数据集\多样性林\9.11\190-002.jpg,D:\根系分割项目\outputs\预标注候选\190-002-unet.tif,无,OK 7019x4962 RGB,OK 7019x4962 RGB
190-003,,D:\根系分割项目\白底根图_第二数据集\多样性林\9.11\190-003.jpg,D:\根系分割项目\outputs\预标注候选\190-003-unet.tif,无,OK 7019x4962 RGB,OK 7019x4962 RGB
20-CL-002,,D:\根系分割项目\白底根图_第二数据集\9.8校准\20-CL-002.jpg,D:\根系分割项目\outputs\预标注候选\20-CL-002-unet.tif,无,OK 7019x4962 RGB,OK 7019x4962 RGB
2005-001,,D:\根系分割项目\白底根图_第二数据集\9.8校准\2005-001.jpg,D:\根系分割项目\outputs\预标注候选\2005-001-unet.tif,无,OK 7019x4962 RGB,OK 7019x4962 RGB
2005-002,,D:\根系分割项目\白底根图_第二数据集\9.8校准\2005-002.jpg,D:\根系分割项目\outputs\预标注候选\2005-002-unet.tif,无,OK 7019x4962 RGB,OK 7019x4962 RGB
2005-003,,D:\根系分割项目\白底根图_第二数据集\9.8校准\2005-003.jpg,D:\根系分割项目\outputs\预标注候选\2005-003-unet.tif,无,OK 7019x4962 RGB,OK 7019x4962 RGB
207-001,,D:\根系分割项目\白底根图_第二数据集\多样性林\9.14\207-001.jpg,D:\根系分割项目\outputs\预标注候选\207-001-unet.tif,无,OK 7019x4962 RGB,OK 7019x4962 RGB
207-003,,D:\根系分割项目\白底根图_第二数据集\多样性林\9.11\207-003.jpg,D:\根系分割项目\outputs\预标注候选\207-003-unet.tif,无,OK 7019x4962 RGB,OK 7019x4962 RGB
21-CL-001,,D:\根系分割项目\白底根图_第二数据集\9.8校准\21-CL-001.jpg,D:\根系分割项目\outputs\预标注候选\21-CL-001-unet.tif,无,OK 7019x4962 RGB,OK 7019x4962 RGB
211-001,,D:\根系分割项目\白底根图_第二数据集\多样性林\9.11\211-001.jpg,D:\根系分割项目\outputs\预标注候选\211-001-unet.tif,无,OK 7019x4962 RGB,OK 7019x4962 RGB
211-002,,D:\根系分割项目\白底根图_第二数据集\多样性林\9.11\211-002.jpg,D:\根系分割项目\outputs\预标注候选\211-002-unet.tif,无,OK 7019x4962 RGB,OK 7019x4962 RGB
211-003,,D:\根系分割项目\白底根图_第二数据集\多样性林\9.11\211-003.jpg,D:\根系分割项目\outputs\预标注候选\211-003-unet.tif,无,OK 7019x4962 RGB,OK 7019x4962 RGB
218-003,,D:\根系分割项目\白底根图_第二数据集\多样性林\9.11\218-003.jpg,D:\根系分割项目\outputs\预标注候选\218-003-unet.tif,无,OK 7019x4962 RGB,OK 7019x4962 RGB
22-001,C:\Users\LIHAOYANG\Desktop\测试\人工\9.9改\22-001-man.tif,D:\根系分割项目\白底根图_第二数据集\多样性林\9.9\22-001.jpg,D:\根系分割项目\outputs\预标注候选\22-001-unet.tif,OK 7019x4962 RGB,OK 7019x4962 RGB,OK 7019x4962 RGB
22-CL-003,,D:\根系分割项目\白底根图_第二数据集\9.8校准\22-CL-003.jpg,D:\根系分割项目\outputs\预标注候选\22-CL-003-unet.tif,无,OK 7019x4962 RGB,OK 7019x4962 RGB
22-MZ-001,,D:\根系分割项目\白底根图_第二数据集\9.8校准\22-MZ-001.jpg,D:\根系分割项目\outputs\预标注候选\22-MZ-001-unet.tif,无,OK 7019x4962 RGB,OK 7019x4962 RGB
22-MZ-002,,D:\根系分割项目\白底根图_第二数据集\9.8校准\22-MZ-002.jpg,D:\根系分割项目\outputs\预标注候选\22-MZ-002-unet.tif,无,OK 7019x4962 RGB,OK 7019x4962 RGB
220-001,,D:\根系分割项目\白底根图_第二数据集\多样性林\9.14\220-001.jpg,D:\根系分割项目\outputs\预标注候选\220-001-unet.tif,无,OK 7019x4962 RGB,OK 7019x4962 RGB
220-002,,D:\根系分割项目\白底根图_第二数据集\多样性林\9.14\220-002.jpg,D:\根系分割项目\outputs\预标注候选\220-002-unet.tif,无,OK 7019x4962 RGB,OK 7019x4962 RGB
220-B-004,,D:\根系分割项目\白底根图_第二数据集\9.15\220-B-004.jpg,D:\根系分割项目\outputs\预标注候选\220-B-004-unet.tif,无,OK 7019x4962 RGB,OK 7019x4962 RGB
224-001,,D:\根系分割项目\白底根图_第二数据集\多样性林\9.11\224-001.jpg,D:\根系分割项目\outputs\预标注候选\224-001-unet.tif,无,OK 7019x4962 RGB,OK 7019x4962 RGB
224-002,,D:\根系分割项目\白底根图_第二数据集\多样性林\9.11\224-002.jpg,D:\根系分割项目\outputs\预标注候选\224-002-unet.tif,无,OK 7019x4962 RGB,OK 7019x4962 RGB
225-001,,D:\根系分割项目\白底根图_第二数据集\多样性林\9.14\225-001.jpg,D:\根系分割项目\outputs\预标注候选\225-001-unet.tif,无,OK 7019x4962 RGB,OK 7019x4962 RGB
225-002,,D:\根系分割项目\白底根图_第二数据集\多样性林\9.14\225-002.jpg,D:\根系分割项目\outputs\预标注候选\225-002-unet.tif,无,OK 7019x4962 RGB,OK 7019x4962 RGB
229-001,,D:\根系分割项目\白底根图_第二数据集\多样性林\9.14\229-001.jpg,D:\根系分割项目\outputs\预标注候选\229-001-unet.tif,无,OK 7019x4962 RGB,OK 7019x4962 RGB
229-002,,D:\根系分割项目\白底根图_第二数据集\多样性林\9.11\229-002.jpg,D:\根系分割项目\outputs\预标注候选\229-002-unet.tif,无,OK 7019x4962 RGB,OK 7019x4962 RGB
229-003,,D:\根系分割项目\白底根图_第二数据集\多样性林\9.14\229-003.jpg,D:\根系分割项目\outputs\预标注候选\229-003-unet.tif,无,OK 7019x4962 RGB,OK 7019x4962 RGB
23-002,,D:\根系分割项目\白底根图_第二数据集\多样性林\9.11\23-002.jpg,D:\根系分割项目\outputs\预标注候选\23-002-unet.tif,无,OK 7019x4962 RGB,OK 7019x4962 RGB
230-001,,D:\根系分割项目\白底根图_第二数据集\多样性林\9.11\230-001.jpg,D:\根系分割项目\outputs\预标注候选\230-001-unet.tif,无,OK 7019x4962 RGB,OK 7019x4962 RGB
230-002,,D:\根系分割项目\白底根图_第二数据集\多样性林\9.14\230-002.jpg,D:\根系分割项目\outputs\预标注候选\230-002-unet.tif,无,OK 7019x4962 RGB,OK 7019x4962 RGB
230-003,,D:\根系分割项目\白底根图_第二数据集\多样性林\9.11\230-003.jpg,D:\根系分割项目\outputs\预标注候选\230-003-unet.tif,无,OK 7019x4962 RGB,OK 7019x4962 RGB
245-001,,D:\根系分割项目\白底根图_第二数据集\多样性林\9.11\245-001.jpg,D:\根系分割项目\outputs\预标注候选\245-001-unet.tif,无,OK 7019x4962 RGB,OK 7019x4962 RGB
245-002,,D:\根系分割项目\白底根图_第二数据集\9.15\245-002.jpg,D:\根系分割项目\outputs\预标注候选\245-002-unet.tif,无,OK 7019x4962 RGB,OK 7019x4962 RGB
245-003,,D:\根系分割项目\白底根图_第二数据集\多样性林\9.11\245-003.jpg,D:\根系分割项目\outputs\预标注候选\245-003-unet.tif,无,OK 7019x4962 RGB,OK 7019x4962 RGB
246-001,,D:\根系分割项目\白底根图_第二数据集\多样性林\9.14\246-001.jpg,D:\根系分割项目\outputs\预标注候选\246-001-unet.tif,无,OK 7019x4962 RGB,OK 7019x4962 RGB
246-002,,D:\根系分割项目\白底根图_第二数据集\多样性林\9.14\246-002.jpg,D:\根系分割项目\outputs\预标注候选\246-002-unet.tif,无,OK 7019x4962 RGB,OK 7019x4962 RGB
246-003,,D:\根系分割项目\白底根图_第二数据集\多样性林\9.14\246-003.jpg,D:\根系分割项目\outputs\预标注候选\246-003-unet.tif,无,OK 7019x4962 RGB,OK 7019x4962 RGB
258-002,,D:\根系分割项目\白底根图_第二数据集\多样性林\9.11\258-002.jpg,D:\根系分割项目\outputs\预标注候选\258-002-unet.tif,无,OK 7019x4962 RGB,OK 7019x4962 RGB
266-001,,D:\根系分割项目\白底根图_第二数据集\多样性林\9.14\266-001.jpg,D:\根系分割项目\outputs\预标注候选\266-001-unet.tif,无,OK 7019x4962 RGB,OK 7019x4962 RGB
266-002,,D:\根系分割项目\白底根图_第二数据集\多样性林\9.11\266-002.jpg,D:\根系分割项目\outputs\预标注候选\266-002-unet.tif,无,OK 7019x4962 RGB,OK 7019x4962 RGB
266-003,,D:\根系分割项目\白底根图_第二数据集\多样性林\9.14\266-003.jpg,D:\根系分割项目\outputs\预标注候选\266-003-unet.tif,无,OK 7019x4962 RGB,OK 7019x4962 RGB
270-001,,D:\根系分割项目\白底根图_第二数据集\多样性林\9.11\270-001.jpg,D:\根系分割项目\outputs\预标注候选\270-001-unet.tif,无,OK 7019x4962 RGB,OK 7019x4962 RGB
270-002,,D:\根系分割项目\白底根图_第二数据集\多样性林\9.14\270-002.jpg,D:\根系分割项目\outputs\预标注候选\270-002-unet.tif,无,OK 7019x4962 RGB,OK 7019x4962 RGB
270-003,,D:\根系分割项目\白底根图_第二数据集\多样性林\9.11\270-003.jpg,D:\根系分割项目\outputs\预标注候选\270-003-unet.tif,无,OK 7019x4962 RGB,OK 7019x4962 RGB
275-001,,D:\根系分割项目\白底根图_第二数据集\多样性林\9.14\275-001.jpg,D:\根系分割项目\outputs\预标注候选\275-001-unet.tif,无,OK 7019x4962 RGB,OK 7019x4962 RGB
275-002,,D:\根系分割项目\白底根图_第二数据集\多样性林\9.11\275-002.jpg,D:\根系分割项目\outputs\预标注候选\275-002-unet.tif,无,OK 7019x4962 RGB,OK 7019x4962 RGB
275-003,,D:\根系分割项目\白底根图_第二数据集\多样性林\9.9\275-003.jpg,D:\根系分割项目\outputs\预标注候选\275-003-unet.tif,无,OK 7019x4962 RGB,OK 7019x4962 RGB
28-CL-003,C:\Users\LIHAOYANG\Desktop\测试\人工\28-CL-003-man.tif,D:\根系分割项目\白底根图_第二数据集\9.8校准\28-CL-003.jpg,D:\根系分割项目\outputs\预标注候选\28-CL-003-unet.tif,OK 7019x4962 RGB,OK 7019x4962 RGB,OK 7019x4962 RGB
28-CL-004,D:\根系分割项目\人工修复mac图\28-CL-004-unet-man.tif,D:\根系分割项目\白底根图_第二数据集\9.8校准\28-CL-004.jpg,D:\根系分割项目\outputs\预标注候选\28-CL-004-unet.tif,OK 7019x4962 RGB,OK 7019x4962 RGB,OK 7019x4962 RGB
28-FX-001,,D:\根系分割项目\白底根图_第二数据集\9.8校准\28-FX-001.jpg,D:\根系分割项目\outputs\预标注候选\28-FX-001-unet.tif,无,OK 7019x4962 RGB,OK 7019x4962 RGB
281-001,,D:\根系分割项目\白底根图_第二数据集\多样性林\9.11\281-001.jpg,D:\根系分割项目\outputs\预标注候选\281-001-unet.tif,无,OK 7019x4962 RGB,OK 7019x4962 RGB
281-003,C:\Users\LIHAOYANG\Desktop\测试\人工\281-003-man.tif,D:\根系分割项目\白底根图_第二数据集\多样性林\9.11\281-003.jpg,D:\根系分割项目\outputs\预标注候选\281-003-unet.tif,OK 7019x4962 RGB,OK 7019x4962 RGB,OK 7019x4962 RGB
292-002,,D:\根系分割项目\白底根图_第二数据集\多样性林\9.11\292-002.jpg,D:\根系分割项目\outputs\预标注候选\292-002-unet.tif,无,OK 7019x4962 RGB,OK 7019x4962 RGB
296-001,,D:\根系分割项目\白底根图_第二数据集\多样性林\9.14\296-001.jpg,D:\根系分割项目\outputs\预标注候选\296-001-unet.tif,无,OK 7019x4962 RGB,OK 7019x4962 RGB
296-003,,D:\根系分割项目\白底根图_第二数据集\多样性林\9.11\296-003.jpg,D:\根系分割项目\outputs\预标注候选\296-003-unet.tif,无,OK 7019x4962 RGB,OK 7019x4962 RGB
299-001,,D:\根系分割项目\白底根图_第二数据集\9.15\299-001.jpg,D:\根系分割项目\outputs\预标注候选\299-001-unet.tif,无,OK 7019x4962 RGB,OK 7019x4962 RGB
299-002,,D:\根系分割项目\白底根图_第二数据集\多样性林\9.14\299-002.jpg,D:\根系分割项目\outputs\预标注候选\299-002-unet.tif,无,OK 7019x4962 RGB,OK 7019x4962 RGB
299-003,,D:\根系分割项目\白底根图_第二数据集\多样性林\9.14\299-003.jpg,D:\根系分割项目\outputs\预标注候选\299-003-unet.tif,无,OK 7019x4962 RGB,OK 7019x4962 RGB
3004-001,,D:\根系分割项目\白底根图_第二数据集\9.8校准\3004-001.jpg,D:\根系分割项目\outputs\预标注候选\3004-001-unet.tif,无,OK 7019x4962 RGB,OK 7019x4962 RGB
3004-002,,D:\根系分割项目\白底根图_第二数据集\9.8校准\3004-002.jpg,D:\根系分割项目\outputs\预标注候选\3004-002-unet.tif,无,OK 7019x4962 RGB,OK 7019x4962 RGB
3004-003,,D:\根系分割项目\白底根图_第二数据集\9.8校准\3004-003.jpg,D:\根系分割项目\outputs\预标注候选\3004-003-unet.tif,无,OK 7019x4962 RGB,OK 7019x4962 RGB
31-CL-003,,D:\根系分割项目\白底根图_第二数据集\9.8校准\31-CL-003.jpg,D:\根系分割项目\outputs\预标注候选\31-CL-003-unet.tif,无,OK 7019x4962 RGB,OK 7019x4962 RGB
31-QG-001,,D:\根系分割项目\白底根图_第二数据集\9.8校准\31-QG-001.jpg,D:\根系分割项目\outputs\预标注候选\31-QG-001-unet.tif,无,OK 7019x4962 RGB,OK 7019x4962 RGB
32-CL-004,,D:\根系分割项目\白底根图_第二数据集\9.8校准\32-CL-004.jpg,D:\根系分割项目\outputs\预标注候选\32-CL-004-unet.tif,无,OK 7019x4962 RGB,OK 7019x4962 RGB
32-MZ-001,D:\根系分割项目\人工修复mac图\32-MZ-001-unet-man.tif,D:\根系分割项目\白底根图_第二数据集\9.8校准\32-MZ-001.jpg,D:\根系分割项目\outputs\预标注候选\32-MZ-001-unet.tif,OK 7019x4962 RGB,OK 7019x4962 RGB,OK 7019x4962 RGB
32-MZ-002,,D:\根系分割项目\白底根图_第二数据集\9.8校准\32-MZ-002.jpg,D:\根系分割项目\outputs\预标注候选\32-MZ-002-unet.tif,无,OK 7019x4962 RGB,OK 7019x4962 RGB
34-CL-003,,D:\根系分割项目\白底根图_第二数据集\9.8校准\34-CL-003.jpg,D:\根系分割项目\outputs\预标注候选\34-CL-003-unet.tif,无,OK 7019x4962 RGB,OK 7019x4962 RGB
34-CL-004,,D:\根系分割项目\白底根图_第二数据集\9.8校准\34-CL-004.jpg,D:\根系分割项目\outputs\预标注候选\34-CL-004-unet.tif,无,OK 7019x4962 RGB,OK 7019x4962 RGB
34-GP-001,,D:\根系分割项目\白底根图_第二数据集\9.8校准\34-GP-001.jpg,D:\根系分割项目\outputs\预标注候选\34-GP-001-unet.tif,无,OK 7019x4962 RGB,OK 7019x4962 RGB
36-CL-003,,D:\根系分割项目\白底根图_第二数据集\9.8校准\36-CL-003.jpg,D:\根系分割项目\outputs\预标注候选\36-CL-003-unet.tif,无,OK 7019x4962 RGB,OK 7019x4962 RGB
36-CL-004,,D:\根系分割项目\白底根图_第二数据集\9.8校准\36-CL-004.jpg,D:\根系分割项目\outputs\预标注候选\36-CL-004-unet.tif,无,OK 7019x4962 RGB,OK 7019x4962 RGB
37-MH-001,,D:\根系分割项目\白底根图_第二数据集\9.8校准\37-MH-001.jpg,D:\根系分割项目\outputs\预标注候选\37-MH-001-unet.tif,无,OK 7019x4962 RGB,OK 7019x4962 RGB
37-MH-002,,D:\根系分割项目\白底根图_第二数据集\9.8校准\37-MH-002.jpg,D:\根系分割项目\outputs\预标注候选\37-MH-002-unet.tif,无,OK 7019x4962 RGB,OK 7019x4962 RGB
38-CL-003,D:\根系分割项目\人工修复mac图\38-CL-003-unet-man.tif,D:\根系分割项目\白底根图_第二数据集\9.8校准\38-CL-003.jpg,D:\根系分割项目\outputs\预标注候选\38-CL-003-unet.tif,OK 7019x4962 RGB,OK 7019x4962 RGB,OK 7019x4962 RGB
38-CL-004,,D:\根系分割项目\白底根图_第二数据集\9.8校准\38-CL-004.jpg,D:\根系分割项目\outputs\预标注候选\38-CL-004-unet.tif,无,OK 7019x4962 RGB,OK 7019x4962 RGB
38-FX-001,,D:\根系分割项目\白底根图_第二数据集\9.8校准\38-FX-001.jpg,D:\根系分割项目\outputs\预标注候选\38-FX-001-unet.tif,无,OK 7019x4962 RGB,OK 7019x4962 RGB
4001-001,,D:\根系分割项目\白底根图_第二数据集\9.8校准\4001-001.jpg,D:\根系分割项目\outputs\预标注候选\4001-001-unet.tif,无,OK 7019x4962 RGB,OK 7019x4962 RGB
44-001,C:\Users\LIHAOYANG\Desktop\测试\人工\9.9改\44-001-man.tif,D:\根系分割项目\白底根图_第二数据集\多样性林\9.9\44-001.jpg,D:\根系分割项目\outputs\预标注候选\44-001-unet.tif,OK 7019x4962 RGB,OK 7019x4962 RGB,OK 7019x4962 RGB
44-002,,D:\根系分割项目\白底根图_第二数据集\多样性林\9.14\44-002.jpg,D:\根系分割项目\outputs\预标注候选\44-002-unet.tif,无,OK 7019x4962 RGB,OK 7019x4962 RGB
44-003,,D:\根系分割项目\白底根图_第二数据集\多样性林\9.14\44-003.jpg,D:\根系分割项目\outputs\预标注候选\44-003-unet.tif,无,OK 7019x4962 RGB,OK 7019x4962 RGB
44-B,,D:\根系分割项目\白底根图_第二数据集\9.15\44-B.jpg,D:\根系分割项目\outputs\预标注候选\44-B-unet.tif,无,OK 7019x4962 RGB,OK 7019x4962 RGB
46-002,C:\Users\LIHAOYANG\Desktop\测试\人工\9.9改\46-002-man.jpg,D:\根系分割项目\白底根图_第二数据集\多样性林\9.9\46-002.jpg,D:\根系分割项目\outputs\预标注候选\46-002-unet.tif,OK 7019x4962 RGB,OK 7019x4962 RGB,OK 7019x4962 RGB
46-003,,D:\根系分割项目\白底根图_第二数据集\多样性林\9.9\46-003.jpg,D:\根系分割项目\outputs\预标注候选\46-003-unet.tif,无,OK 7019x4962 RGB,OK 7019x4962 RGB
52-001,,D:\根系分割项目\白底根图_第二数据集\多样性林\9.9\52-001.jpg,D:\根系分割项目\outputs\预标注候选\52-001-unet.tif,无,OK 7019x4962 RGB,OK 7019x4962 RGB
52-002,,D:\根系分割项目\白底根图_第二数据集\多样性林\9.9\52-002.jpg,D:\根系分割项目\outputs\预标注候选\52-002-unet.tif,无,OK 7019x4962 RGB,OK 7019x4962 RGB
52-B-002,,D:\根系分割项目\白底根图_第二数据集\9.15\52-B-002.jpg,D:\根系分割项目\outputs\预标注候选\52-B-002-unet.tif,无,OK 7019x4962 RGB,OK 7019x4962 RGB
62-001,,D:\根系分割项目\白底根图_第二数据集\多样性林\9.11\62-001.jpg,D:\根系分割项目\outputs\预标注候选\62-001-unet.tif,无,OK 7019x4962 RGB,OK 7019x4962 RGB
62-002,,D:\根系分割项目\白底根图_第二数据集\多样性林\9.9\62-002.jpg,D:\根系分割项目\outputs\预标注候选\62-002-unet.tif,无,OK 7019x4962 RGB,OK 7019x4962 RGB
62-003,,D:\根系分割项目\白底根图_第二数据集\多样性林\9.9\62-003.jpg,D:\根系分割项目\outputs\预标注候选\62-003-unet.tif,无,OK 7019x4962 RGB,OK 7019x4962 RGB
66-001,,D:\根系分割项目\白底根图_第二数据集\多样性林\9.9\66-001.jpg,D:\根系分割项目\outputs\预标注候选\66-001-unet.tif,无,OK 7019x4962 RGB,OK 7019x4962 RGB
66-002,,D:\根系分割项目\白底根图_第二数据集\多样性林\9.9\66-002.jpg,D:\根系分割项目\outputs\预标注候选\66-002-unet.tif,无,OK 7019x4962 RGB,OK 7019x4962 RGB
66-003,C:\Users\LIHAOYANG\Desktop\测试\人工\66-003-man.tif,D:\根系分割项目\白底根图_第二数据集\多样性林\9.9\66-003.jpg,D:\根系分割项目\outputs\预标注候选\66-003-unet.tif,OK 7019x4962 RGB,OK 7019x4962 RGB,OK 7019x4962 RGB
7-001,C:\Users\LIHAOYANG\Desktop\测试\人工\9.9改\7-001-man.tif,D:\根系分割项目\白底根图_第二数据集\多样性林\9.9\7-001.jpg,D:\根系分割项目\outputs\预标注候选\7-001-unet.tif,OK 7019x4962 RGB,OK 7019x4962 RGB,OK 7019x4962 RGB
7-002,C:\Users\LIHAOYANG\Desktop\测试\人工\9.9改\7-002-man.tif,D:\根系分割项目\白底根图_第二数据集\多样性林\9.9\7-002.jpg,D:\根系分割项目\outputs\预标注候选\7-002-unet.tif,OK 7019x4962 RGB,OK 7019x4962 RGB,OK 7019x4962 RGB
7-003,C:\Users\LIHAOYANG\Desktop\测试\人工\7-003-man.tif,D:\根系分割项目\白底根图_第二数据集\多样性林\9.9\7-003.jpg,D:\根系分割项目\outputs\预标注候选\7-003-unet.tif,OK 7019x4962 RGB,OK 7019x4962 RGB,OK 7019x4962 RGB
74-001,,D:\根系分割项目\白底根图_第二数据集\多样性林\9.14\74-001.jpg,D:\根系分割项目\outputs\预标注候选\74-001-unet.tif,无,OK 7019x4962 RGB,OK 7019x4962 RGB
74-003,,D:\根系分割项目\白底根图_第二数据集\多样性林\9.11\74-003.jpg,D:\根系分割项目\outputs\预标注候选\74-003-unet.tif,无,OK 7019x4962 RGB,OK 7019x4962 RGB
83-B,,D:\根系分割项目\白底根图_第二数据集\9.15\83-B.jpg,D:\根系分割项目\outputs\预标注候选\83-B-unet.tif,无,OK 7019x4962 RGB,OK 7019x4962 RGB
86-001,,D:\根系分割项目\白底根图_第二数据集\多样性林\9.9\86-001.jpg,D:\根系分割项目\outputs\预标注候选\86-001-unet.tif,无,OK 7019x4962 RGB,OK 7019x4962 RGB
86-002,,D:\根系分割项目\白底根图_第二数据集\多样性林\9.9\86-002.jpg,D:\根系分割项目\outputs\预标注候选\86-002-unet.tif,无,OK 7019x4962 RGB,OK 7019x4962 RGB
86-003,,D:\根系分割项目\白底根图_第二数据集\多样性林\9.9\86-003.jpg,D:\根系分割项目\outputs\预标注候选\86-003-unet.tif,无,OK 7019x4962 RGB,OK 7019x4962 RGB
88-001,,D:\根系分割项目\白底根图_第二数据集\9.15\88-001.jpg,D:\根系分割项目\outputs\预标注候选\88-001-unet.tif,无,OK 7019x4962 RGB,OK 7019x4962 RGB
88-002,,D:\根系分割项目\白底根图_第二数据集\9.15\88-002.jpg,D:\根系分割项目\outputs\预标注候选\88-002-unet.tif,无,OK 7019x4962 RGB,OK 7019x4962 RGB
88-003,,D:\根系分割项目\白底根图_第二数据集\9.15\88-003.jpg,D:\根系分割项目\outputs\预标注候选\88-003-unet.tif,无,OK 7019x4962 RGB,OK 7019x4962 RGB
90-001,,D:\根系分割项目\白底根图_第二数据集\9.15\90-001.jpg,D:\根系分割项目\outputs\预标注候选\90-001-unet.tif,无,OK 7019x4962 RGB,OK 7019x4962 RGB
90-002,,D:\根系分割项目\白底根图_第二数据集\9.15\90-002.jpg,D:\根系分割项目\outputs\预标注候选\90-002-unet.tif,无,OK 7019x4962 RGB,OK 7019x4962 RGB
90-003,,D:\根系分割项目\白底根图_第二数据集\多样性林\9.9\90-003.jpg,D:\根系分割项目\outputs\预标注候选\90-003-unet.tif,无,OK 7019x4962 RGB,OK 7019x4962 RGB
91-001,,D:\根系分割项目\白底根图_第二数据集\多样性林\9.14\91-001.jpg,D:\根系分割项目\outputs\预标注候选\91-001-unet.tif,无,OK 7019x4962 RGB,OK 7019x4962 RGB
91-002,,D:\根系分割项目\白底根图_第二数据集\多样性林\9.9\91-002.jpg,D:\根系分割项目\outputs\预标注候选\91-002-unet.tif,无,OK 7019x4962 RGB,OK 7019x4962 RGB
91-003,,D:\根系分割项目\白底根图_第二数据集\多样性林\9.9\91-003.jpg,D:\根系分割项目\outputs\预标注候选\91-003-unet.tif,无,OK 7019x4962 RGB,OK 7019x4962 RGB
F114-001,,D:\根系分割项目\白底根图\0811\F114-001.jpg,,无,OK 4962x7019 RGB,无
F114-003,,D:\根系分割项目\白底根图\0811\F114-003.jpg,,无,OK 4962x7019 RGB,无
F120-001,,D:\根系分割项目\白底根图\0808\F120-001.jpg,,无,OK 4962x6948 RGB,无
F120-002,,D:\根系分割项目\白底根图\0808\F120-002.jpg,,无,OK 4962x6936 RGB,无
F120-003,,D:\根系分割项目\白底根图\_根目录\F120-003.jpg,,无,OK 4962x7019 RGB,无
F121-001,,D:\根系分割项目\白底根图\0808\F121-001.jpg,,无,OK 4962x6960 RGB,无
F121-002,,D:\根系分割项目\白底根图\0808\F121-002.jpg,,无,OK 4962x6948 RGB,无
F121-003,,D:\根系分割项目\白底根图\0808\F121-003.jpg,,无,OK 4962x6960 RGB,无
F126-001,,D:\根系分割项目\白底根图\0811\F126-001.jpg,,无,OK 4962x7019 RGB,无
F126-002,,D:\根系分割项目\白底根图\0811\F126-002.jpg,,无,OK 4962x7019 RGB,无
F126-003,,D:\根系分割项目\白底根图\0811\F126-003.jpg,,无,OK 4962x7019 RGB,无
F134-001,,D:\根系分割项目\白底根图\0811\F134-001.jpg,,无,OK 4962x7019 RGB,无
F134-002,,D:\根系分割项目\白底根图\0811\F134-002.jpg,,无,OK 4962x7019 RGB,无
F134-003,,D:\根系分割项目\白底根图\0811\F134-003.jpg,,无,OK 4962x7019 RGB,无
F136-001,,D:\根系分割项目\白底根图\0811\F136-001.jpg,,无,OK 4962x7019 RGB,无
F136-002,,D:\根系分割项目\白底根图\0811\F136-002.jpg,,无,OK 4962x7019 RGB,无
F136-003,,D:\根系分割项目\白底根图\0811\F136-003.jpg,,无,OK 4962x7019 RGB,无
F146-002,,D:\根系分割项目\白底根图\0811\F146-002.jpg,,无,OK 4962x7019 RGB,无
F146-003,,D:\根系分割项目\白底根图\0811\F146-003.jpg,,无,OK 4962x7019 RGB,无
F160-001,,D:\根系分割项目\白底根图\0811\F160-001.jpg,,无,OK 4962x7019 RGB,无
F160-002,,D:\根系分割项目\白底根图\0811\F160-002.jpg,,无,OK 4962x7019 RGB,无
F160-003,,D:\根系分割项目\白底根图\0811\F160-003.jpg,,无,OK 4962x7019 RGB,无
F162-001,,D:\根系分割项目\白底根图\0811\F162-001.jpg,,无,OK 4962x7019 RGB,无
F162-002,,D:\根系分割项目\白底根图\0811\F162-002.jpg,,无,OK 4962x7019 RGB,无
F166-001,,D:\根系分割项目\白底根图\0811\F166-001.jpg,,无,OK 4962x7019 RGB,无
F166-002,,D:\根系分割项目\白底根图\0811\F166-002.jpg,,无,OK 4962x7019 RGB,无
F166-003,,D:\根系分割项目\白底根图\0811\F166-003.jpg,,无,OK 4962x7019 RGB,无
F169-001,,D:\根系分割项目\白底根图\0811\F169-001.jpg,,无,OK 4962x7019 RGB,无
F169-002,,D:\根系分割项目\白底根图\0811\F169-002.jpg,,无,OK 4962x7019 RGB,无
F169-003,,D:\根系分割项目\白底根图\0811\F169-003.jpg,,无,OK 4962x7019 RGB,无
F185-001,,D:\根系分割项目\白底根图\0811\F185-001.jpg,,无,OK 4962x7019 RGB,无
F185-002,,D:\根系分割项目\白底根图\0811\F185-002.jpg,,无,OK 4962x7019 RGB,无
F185-003,,D:\根系分割项目\白底根图\0811\F185-003.jpg,,无,OK 4962x7019 RGB,无
F28-002,,D:\根系分割项目\白底根图\0807\F28-002.jpg,,无,OK 4962x6960 RGB,无
F299-001,,D:\根系分割项目\白底根图\0811\F299-001.jpg,,无,OK 4962x7019 RGB,无
F299-002,,D:\根系分割项目\白底根图\0811\F299-002.jpg,,无,OK 4962x7019 RGB,无
F299-003,,D:\根系分割项目\白底根图\0811\F299-003.jpg,,无,OK 4962x7019 RGB,无
F46-002,,D:\根系分割项目\白底根图\0807\F46-002.jpg,,无,OK 4962x6948 RGB,无
F52-003,,D:\根系分割项目\白底根图\0807\F52-003.jpg,,无,OK 4962x6936 RGB,无
F88-001,,D:\根系分割项目\白底根图\0811\F88-001.jpg,,无,OK 4962x7019 RGB,无
F88-002,,D:\根系分割项目\白底根图\0811\F88-002.jpg,,无,OK 4962x7019 RGB,无
F88-003,,D:\根系分割项目\白底根图\0811\F88-003.jpg,,无,OK 4962x7019 RGB,无
F90-001,,D:\根系分割项目\白底根图\0811\F90-001.jpg,,无,OK 4903x6960 RGB,无
F90-002,,D:\根系分割项目\白底根图\0811\F90-002.jpg,,无,OK 4962x7019 RGB,无
F90-003,,D:\根系分割项目\白底根图\0811\F90-003.jpg,,无,OK 4962x7019 RGB,无
F91-001,,D:\根系分割项目\白底根图\0811\F91-001.jpg,,无,OK 4962x7019 RGB,无
F91-002,,D:\根系分割项目\白底根图\0811\F91-002.jpg,,无,OK 4962x7019 RGB,无
F91-003,,D:\根系分割项目\白底根图\0811\F91-003.jpg,,无,OK 4962x7019 RGB,无
G120-001,,D:\根系分割项目\白底根图_第二数据集\多样性林\9.12\G120-001.jpg,D:\根系分割项目\outputs\预标注候选\G120-001-unet.tif,无,OK 7019x4962 RGB,OK 7019x4962 RGB
G120-002,,D:\根系分割项目\白底根图_第二数据集\多样性林\9.12\G120-002.jpg,D:\根系分割项目\outputs\预标注候选\G120-002-unet.tif,无,OK 7019x4962 RGB,OK 7019x4962 RGB
G120-003,,D:\根系分割项目\白底根图_第二数据集\多样性林\9.12\G120-003.jpg,D:\根系分割项目\outputs\预标注候选\G120-003-unet.tif,无,OK 7019x4962 RGB,OK 7019x4962 RGB
G121-001,,D:\根系分割项目\白底根图_第二数据集\多样性林\9.12\G121-001.jpg,D:\根系分割项目\outputs\预标注候选\G121-001-unet.tif,无,OK 7019x4962 RGB,OK 7019x4962 RGB
G121-002,,D:\根系分割项目\白底根图_第二数据集\多样性林\9.12\G121-002.jpg,D:\根系分割项目\outputs\预标注候选\G121-002-unet.tif,无,OK 7019x4962 RGB,OK 7019x4962 RGB
G121-003,,D:\根系分割项目\白底根图_第二数据集\多样性林\9.12\G121-003.jpg,D:\根系分割项目\outputs\预标注候选\G121-003-unet.tif,无,OK 7019x4962 RGB,OK 7019x4962 RGB
G136-002,,D:\根系分割项目\白底根图\_根目录\G136-002.jpg,,无,OK 4962x7019 RGB,无
G176-001,,D:\根系分割项目\白底根图_第二数据集\多样性林\9.12\G176-001.jpg,D:\根系分割项目\outputs\预标注候选\G176-001-unet.tif,无,OK 7019x4962 RGB,OK 7019x4962 RGB
G176-002,,D:\根系分割项目\白底根图_第二数据集\多样性林\9.12\G176-002.jpg,D:\根系分割项目\outputs\预标注候选\G176-002-unet.tif,无,OK 7019x4962 RGB,OK 7019x4962 RGB
G176-003,,D:\根系分割项目\白底根图_第二数据集\多样性林\9.12\G176-003.jpg,D:\根系分割项目\outputs\预标注候选\G176-003-unet.tif,无,OK 7019x4962 RGB,OK 7019x4962 RGB
G207-002,,D:\根系分割项目\白底根图_第二数据集\多样性林\9.12\G207-002.jpg,D:\根系分割项目\outputs\预标注候选\G207-002-unet.tif,无,OK 7019x4962 RGB,OK 7019x4962 RGB
G218-001,C:\Users\LIHAOYANG\Desktop\测试\人工\G218-001-man.tif,D:\根系分割项目\白底根图_第二数据集\多样性林\9.12\G218-001.jpg,D:\根系分割项目\outputs\预标注候选\G218-001-unet.tif,OK 7019x4962 RGB,OK 7019x4962 RGB,OK 7019x4962 RGB
G218-002,,D:\根系分割项目\白底根图_第二数据集\多样性林\9.12\G218-002.jpg,D:\根系分割项目\outputs\预标注候选\G218-002-unet.tif,无,OK 7019x4962 RGB,OK 7019x4962 RGB
G22-001,,D:\根系分割项目\白底根图\0807\G22-001.jpg,,无,OK 4773x6913 RGB,无
G224-001,,D:\根系分割项目\白底根图\0814\G224-001.jpg,,无,OK 4962x7019 RGB,无
G225-003,,D:\根系分割项目\白底根图_第二数据集\多样性林\9.12\G225-003.jpg,D:\根系分割项目\outputs\预标注候选\G225-003-unet.tif,无,OK 7019x4962 RGB,OK 7019x4962 RGB
G23-001,,D:\根系分割项目\白底根图_第二数据集\多样性林\9.12\G23-001.jpg,D:\根系分割项目\outputs\预标注候选\G23-001-unet.tif,无,OK 7019x4962 RGB,OK 7019x4962 RGB
G23-002,,D:\根系分割项目\白底根图\0807\G23-002.jpg,,无,OK 4962x7019 RGB,无
G23-003,,D:\根系分割项目\白底根图_第二数据集\多样性林\9.12\G23-003.jpg,D:\根系分割项目\outputs\预标注候选\G23-003-unet.tif,无,OK 7019x4962 RGB,OK 7019x4962 RGB
G245-002,,D:\根系分割项目\白底根图\0814\G245-002.jpg,,无,OK 4962x6983 RGB,无
G258-001,,D:\根系分割项目\白底根图_第二数据集\多样性林\9.12\G258-001.jpg,D:\根系分割项目\outputs\预标注候选\G258-001-unet.tif,无,OK 7019x4962 RGB,OK 7019x4962 RGB
G258-003,,D:\根系分割项目\白底根图_第二数据集\多样性林\9.12\G258-003.jpg,D:\根系分割项目\outputs\预标注候选\G258-003-unet.tif,无,OK 7019x4962 RGB,OK 7019x4962 RGB
G27-002,,D:\根系分割项目\白底根图_第二数据集\多样性林\9.12\G27-002.jpg,D:\根系分割项目\outputs\预标注候选\G27-002-unet.tif,无,OK 7019x4962 RGB,OK 7019x4962 RGB
G27-003,,D:\根系分割项目\白底根图_第二数据集\多样性林\9.12\G27-003.jpg,D:\根系分割项目\outputs\预标注候选\G27-003-unet.tif,无,OK 7019x4962 RGB,OK 7019x4962 RGB
G270-002,,D:\根系分割项目\白底根图\0814\G270-002.jpg,,无,OK 4962x7019 RGB,无
G28-001,,D:\根系分割项目\白底根图_第二数据集\多样性林\9.12\G28-001.jpg,D:\根系分割项目\outputs\预标注候选\G28-001-unet.tif,无,OK 7019x4962 RGB,OK 7019x4962 RGB
G28-002,,D:\根系分割项目\白底根图_第二数据集\多样性林\9.12\G28-002.jpg,D:\根系分割项目\outputs\预标注候选\G28-002-unet.tif,无,OK 7019x4962 RGB,OK 7019x4962 RGB
G28-003,,D:\根系分割项目\白底根图_第二数据集\多样性林\9.12\G28-003.jpg,D:\根系分割项目\outputs\预标注候选\G28-003-unet.tif,无,OK 7019x4962 RGB,OK 7019x4962 RGB
G281-001,,D:\根系分割项目\白底根图\0814\G281-001.jpg,,无,OK 4962x6983 RGB,无
G281-002,,D:\根系分割项目\白底根图_第二数据集\多样性林\9.12\G281-002.jpg,D:\根系分割项目\outputs\预标注候选\G281-002-unet.tif,无,OK 7019x4962 RGB,OK 7019x4962 RGB
G281-003,,D:\根系分割项目\白底根图\0814\G281-003.jpg,,无,OK 4962x6983 RGB,无
G296-003,,D:\根系分割项目\白底根图\0814\G296-003.jpg,,无,OK 4962x6983 RGB,无
G31-001,,D:\根系分割项目\白底根图_第二数据集\多样性林\9.12\G31-001.jpg,D:\根系分割项目\outputs\预标注候选\G31-001-unet.tif,无,OK 7019x4962 RGB,OK 7019x4962 RGB
G31-002,,D:\根系分割项目\白底根图_第二数据集\多样性林\9.12\G31-002.jpg,D:\根系分割项目\outputs\预标注候选\G31-002-unet.tif,无,OK 7019x4962 RGB,OK 7019x4962 RGB
G31-003,,D:\根系分割项目\白底根图_第二数据集\多样性林\9.12\G31-003.jpg,D:\根系分割项目\outputs\预标注候选\G31-003-unet.tif,无,OK 7019x4962 RGB,OK 7019x4962 RGB
G44-001,,D:\根系分割项目\白底根图\0807\G44-001.jpg,,无,OK 4832x6972 RGB,无
G44-002,,D:\根系分割项目\白底根图\0807\G44-002.jpg,,无,OK 4962x6972 RGB,无
G44-003,,D:\根系分割项目\白底根图\0807\G44-003.jpg,,无,OK 4962x6984 RGB,无
G46-002,,D:\根系分割项目\白底根图\0807\G46-002.jpg,,无,OK 4844x6960 RGB,无
G46-003,,D:\根系分割项目\白底根图\0807\G46-003.jpg,,无,OK 4962x7019 RGB,无
G52-001,,D:\根系分割项目\白底根图\0807\G52-001.jpg,,无,OK 4844x6901 RGB,无
G52-002,,D:\根系分割项目\白底根图\0807\G52-002.jpg,,无,OK 4962x6972 RGB,无
G52-003,,D:\根系分割项目\白底根图\0807\G52-003.jpg,,无,OK 4714x6913 RGB,无
G62-001,,D:\根系分割项目\白底根图\0807\G62-001.jpg,,无,OK 4962x7019 RGB,无
G62-002,,D:\根系分割项目\白底根图\0807\G62-002.jpg,,无,OK 4962x7019 RGB,无
G62-003,,D:\根系分割项目\白底根图\0807\G62-003.jpg,,无,OK 4962x7019 RGB,无
G66-001,,D:\根系分割项目\白底根图\0807\G66-001.jpg,,无,OK 4667x6877 RGB,无
G66-002,,D:\根系分割项目\白底根图\0807\G66-002.jpg,,无,OK 4962x7019 RGB,无
G66-003,,D:\根系分割项目\白底根图\0807\G66-003.jpg,,无,OK 4962x7019 RGB,无
G7-001,,D:\根系分割项目\白底根图\0807\G7-001.jpg,,无,OK 4962x7019 RGB,无
G7-002,,D:\根系分割项目\白底根图\0807\G7-002.jpg,,无,OK 4738x6878 RGB,无
G7-003,,D:\根系分割项目\白底根图\0807\G7-003.jpg,,无,OK 4856x6960 RGB,无
G74-001,,D:\根系分割项目\白底根图\0807\G74-001.jpg,,无,OK 4749x6665 RGB,无
G74-002,,D:\根系分割项目\白底根图_第二数据集\多样性林\9.12\G74-002.jpg,D:\根系分割项目\outputs\预标注候选\G74-002-unet.tif,无,OK 7019x4962 RGB,OK 7019x4962 RGB
G74-003,,D:\根系分割项目\白底根图\0807\G74-003.jpg,,无,OK 4962x7019 RGB,无
G80-001,,D:\根系分割项目\白底根图_第二数据集\多样性林\9.12\G80-001.jpg,D:\根系分割项目\outputs\预标注候选\G80-001-unet.tif,无,OK 7019x4962 RGB,OK 7019x4962 RGB
G80-002,,D:\根系分割项目\白底根图_第二数据集\多样性林\9.12\G80-002.jpg,D:\根系分割项目\outputs\预标注候选\G80-002-unet.tif,无,OK 7019x4962 RGB,OK 7019x4962 RGB
G80-003,,D:\根系分割项目\白底根图_第二数据集\多样性林\9.12\G80-003.jpg,D:\根系分割项目\outputs\预标注候选\G80-003-unet.tif,无,OK 7019x4962 RGB,OK 7019x4962 RGB
G86-001,,D:\根系分割项目\白底根图\0807\G86-001.jpg,,无,OK 4749x6984 RGB,无
G86-002,,D:\根系分割项目\白底根图\0807\G86-002.jpg,,无,OK 4797x6830 RGB,无
G86-003,,D:\根系分割项目\白底根图\0807\G86-003.jpg,,无,OK 4962x7019 RGB,无
