rel_path,group,sub,name,stem,ext,MB,w,h,orient,dpi,md5
9.15\114-B-002.jpg,9.15,,114-B-002.jpg,114-B-002,.jpg,18.37,7019,4962,横向,600,7285e098ad5a2cf8d38ba4042dc36432
9.15\126-001.jpg,9.15,,126-001.jpg,126-001,.jpg,20.19,7019,4962,横向,600,4c6ccdd7c4ae347574330468db111f96
9.15\126-002.jpg,9.15,,126-002.jpg,126-002,.jpg,20.06,7019,4962,横向,600,b1cb0470977e071a3978fbc4ec7226b4
9.15\126-003.jpg,9.15,,126-003.jpg,126-003,.jpg,20.02,7019,4962,横向,600,83ed4ddc30eb51ee7ffa4a8807e2fc1a
9.15\134-002.jpg,9.15,,134-002.jpg,134-002,.jpg,20.3,7019,4962,横向,600,c4e8b31a0efc5639790f19ee1e325663
9.15\136-001.jpg,9.15,,136-001.jpg,136-001,.jpg,18.71,7019,4962,横向,600,8a468eaba0cd7375f8896cab730f5b9f
9.15\136-002.jpg,9.15,,136-002.jpg,136-002,.jpg,18.95,7019,4962,横向,600,9baf6f22d315b7fb1235f318a7fbce24
9.15\136-003.jpg,9.15,,136-003.jpg,136-003,.jpg,20.41,7019,4962,横向,600,7bc496e89908c842d02ece4ccd3c11da
9.15\146-001.jpg,9.15,,146-001.jpg,146-001,.jpg,20.26,7019,4962,横向,600,6b44c77e84e2d94064a666f3be3ae09f
9.15\146-002.jpg,9.15,,146-002.jpg,146-002,.jpg,20.27,7019,4962,横向,600,e04df814b975a4bfcf06bba4b7d571c0
9.15\146-B-003.jpg,9.15,,146-B-003.jpg,146-B-003,.jpg,18.38,7019,4962,横向,600,44d9338d39c5ba5b0c08b205df4993b6
9.15\160-001.jpg,9.15,,160-001.jpg,160-001,.jpg,18.49,7019,4962,横向,600,df9d04d9b56c9389dd5b72864a03d5b0
9.15\160-002.jpg,9.15,,160-002.jpg,160-002,.jpg,18.96,7019,4962,横向,600,36c74a963353990c4a4e5922f6c4bf55
9.15\160-003.jpg,9.15,,160-003.jpg,160-003,.jpg,18.62,7019,4962,横向,600,077c7fa80fba42a13cd4daf4c8195b5a
9.15\162-001.jpg,9.15,,162-001.jpg,162-001,.jpg,20.14,7019,4962,横向,600,a601e1f519f5028cfae0ce5b17c31757
9.15\162-002.jpg,9.15,,162-002.jpg,162-002,.jpg,19.9,7019,4962,横向,600,2b6a939a90627f774a44cfec83a96746
9.15\162-B.jpg,9.15,,162-B.jpg,162-B,.jpg,18.05,7019,4962,横向,600,f6a8f0eb5091aaf1731d2fc52556ff2b
9.15\166-002.jpg,9.15,,166-002.jpg,166-002,.jpg,20.3,7019,4962,横向,600,f6919d265f5ef7c679fc8a8812752659
9.15\166-003.jpg,9.15,,166-003.jpg,166-003,.jpg,20.21,7019,4962,横向,600,089c5e278ad96dffd8c6114f68422969
9.15\220-B-004.jpg,9.15,,220-B-004.jpg,220-B-004,.jpg,18.09,7019,4962,横向,600,c87802c51c57024a7e3b8a90ee52a7c3
9.15\245-002.jpg,9.15,,245-002.jpg,245-002,.jpg,18.31,7019,4962,横向,600,5a108af0f8643127a0d0e655ea04e6a8
9.15\299-001.jpg,9.15,,299-001.jpg,299-001,.jpg,18.38,7019,4962,横向,600,304734f16e12957af22c890cc4bac19d
9.15\44-B.jpg,9.15,,44-B.jpg,44-B,.jpg,18.64,7019,4962,横向,600,084279187fcecf652ec2c4a30fc1c538
9.15\52-B-002.jpg,9.15,,52-B-002.jpg,52-B-002,.jpg,18.39,7019,4962,横向,600,f5185f973ddec48e4dcf88e7c8b9aaec
9.15\83-B.jpg,9.15,,83-B.jpg,83-B,.jpg,18.46,7019,4962,横向,600,b93ed104f44ecd48eb3e91f17886a9ae
9.15\88-001.jpg,9.15,,88-001.jpg,88-001,.jpg,20.51,7019,4962,横向,600,6d727c24b3381b93b59648c4089b0669
9.15\88-002.jpg,9.15,,88-002.jpg,88-002,.jpg,18.7,7019,4962,横向,600,2b4c44a30be23b2dc8253a0f77dfb16a
9.15\88-003.jpg,9.15,,88-003.jpg,88-003,.jpg,20.09,7019,4962,横向,600,099cd9ba833d12ff72fb135a8033daf9
9.15\90-001.jpg,9.15,,90-001.jpg,90-001,.jpg,20.32,7019,4962,横向,600,61103351a3a86859d0b9ad20f594ab84
9.15\90-002.jpg,9.15,,90-002.jpg,90-002,.jpg,20.04,7019,4962,横向,600,8e0c0f4e0fdf7578bd12d770104772c9
9.8校准\1001-001.jpg,9.8校准,,1001-001.jpg,1001-001,.jpg,19.54,7019,4962,横向,600,100ebcf11cb1fad73f336323ca1523ab
9.8校准\1001-002.jpg,9.8校准,,1001-002.jpg,1001-002,.jpg,18.97,7019,4962,横向,600,8dbe647b13adaabd09deab20b5d52561
9.8校准\1001-003.jpg,9.8校准,,1001-003.jpg,1001-003,.jpg,19.65,7019,4962,横向,600,c62eb3d56329aa3d36f7401dcc733a31
9.8校准\13-GG-004.jpg,9.8校准,,13-GG-004.jpg,13-GG-004,.jpg,19.75,7019,4962,横向,600,08fb6dddce029456938240a7f4d4d737
9.8校准\16-NS-003.jpg,9.8校准,,16-NS-003.jpg,16-NS-003,.jpg,19.23,7019,4962,横向,600,16eb42ee8e7368153fe22756eaf22a9f
9.8校准\20-CL-002.jpg,9.8校准,,20-CL-002.jpg,20-CL-002,.jpg,20.13,7019,4962,横向,600,1c931a1bc8a2d9dd9912ca2d2d839c59
9.8校准\2005-001.jpg,9.8校准,,2005-001.jpg,2005-001,.jpg,19.74,7019,4962,横向,600,9e82f9eb84f5b0873abab7888f4495a0
9.8校准\2005-002.jpg,9.8校准,,2005-002.jpg,2005-002,.jpg,20.0,7019,4962,横向,600,5e20554c2c2b41b269a12c3160a68f43
9.8校准\2005-003.jpg,9.8校准,,2005-003.jpg,2005-003,.jpg,20.08,7019,4962,横向,600,7dcb9c777aa86c8bb56eb40aae58acb8
9.8校准\21-CL-001.jpg,9.8校准,,21-CL-001.jpg,21-CL-001,.jpg,20.14,7019,4962,横向,600,7750b7d8b3f56510349b885cc8e194bf
9.8校准\22-CL-003.jpg,9.8校准,,22-CL-003.jpg,22-CL-003,.jpg,19.61,7019,4962,横向,600,44ec9d305d8c6032214430c42ade705f
9.8校准\22-MZ-001.jpg,9.8校准,,22-MZ-001.jpg,22-MZ-001,.jpg,19.87,7019,4962,横向,600,519cf4e6ee3a23dd02ee16a8bfbdbadb
9.8校准\22-MZ-002.jpg,9.8校准,,22-MZ-002.jpg,22-MZ-002,.jpg,19.99,7019,4962,横向,600,842a3a0ea47aa0a5f695a759051ee6f8
9.8校准\28-CL-003.jpg,9.8校准,,28-CL-003.jpg,28-CL-003,.jpg,19.85,7019,4962,横向,600,58c97564f56f6e34e4fe22bc56bce0a1
9.8校准\28-CL-004.jpg,9.8校准,,28-CL-004.jpg,28-CL-004,.jpg,20.15,7019,4962,横向,600,fede5e45e92d616d090f0ac659f69fdb
9.8校准\28-FX-001.jpg,9.8校准,,28-FX-001.jpg,28-FX-001,.jpg,20.14,7019,4962,横向,600,a2b8b2befecfd5c7a822dfc3584a7e11
9.8校准\3004-001.jpg,9.8校准,,3004-001.jpg,3004-001,.jpg,20.24,7019,4962,横向,600,1e7ff2fcf3db164ad22a63f3c4283107
9.8校准\3004-002.jpg,9.8校准,,3004-002.jpg,3004-002,.jpg,20.11,7019,4962,横向,600,871686e3fb0a3df72f3d270987764c54
9.8校准\3004-003.jpg,9.8校准,,3004-003.jpg,3004-003,.jpg,19.84,7019,4962,横向,600,a30c00152182766c0d43c92857dc16d0
9.8校准\31-CL-003.jpg,9.8校准,,31-CL-003.jpg,31-CL-003,.jpg,19.95,7019,4962,横向,600,6d79af139db07b234aefcc5e537c5e2c
9.8校准\31-QG-001.jpg,9.8校准,,31-QG-001.jpg,31-QG-001,.jpg,20.22,7019,4962,横向,600,f2818494177312d5121a471099d4fd52
9.8校准\32-CL-004.jpg,9.8校准,,32-CL-004.jpg,32-CL-004,.jpg,20.03,7019,4962,横向,600,8ced9cb1889c07df98292cb37d99850d
9.8校准\32-MZ-001.jpg,9.8校准,,32-MZ-001.jpg,32-MZ-001,.jpg,20.08,7019,4962,横向,600,f99034b712e5d48d25b3c59bd4fa15b1
9.8校准\32-MZ-002.jpg,9.8校准,,32-MZ-002.jpg,32-MZ-002,.jpg,20.1,7019,4962,横向,600,f7b6c1de12b74548141ab7f069a81724
9.8校准\34-CL-003.jpg,9.8校准,,34-CL-003.jpg,34-CL-003,.jpg,19.24,7019,4962,横向,600,00a0186212e9444ad7ed85eaa27d03f0
9.8校准\34-CL-004.jpg,9.8校准,,34-CL-004.jpg,34-CL-004,.jpg,20.43,7019,4962,横向,600,d34989d8b7c627740f031322353ccb97
9.8校准\34-GP-001.jpg,9.8校准,,34-GP-001.jpg,34-GP-001,.jpg,20.17,7019,4962,横向,600,8bd5797b3d5fca87ba7845f409043959
9.8校准\36-CL-003.jpg,9.8校准,,36-CL-003.jpg,36-CL-003,.jpg,19.83,7019,4962,横向,600,d3724873e0d9bd935e89a08c8e78a453
9.8校准\36-CL-004.jpg,9.8校准,,36-CL-004.jpg,36-CL-004,.jpg,19.62,7019,4962,横向,600,816a8b9126b75216bdc3453c4c3b42ee
9.8校准\37-MH-001.jpg,9.8校准,,37-MH-001.jpg,37-MH-001,.jpg,20.22,7019,4962,横向,600,880a8f7f01612247ebea0227993b3432
9.8校准\37-MH-002.jpg,9.8校准,,37-MH-002.jpg,37-MH-002,.jpg,20.42,7019,4962,横向,600,cbac47001a293717db9d79925d689c45
9.8校准\38-CL-003.jpg,9.8校准,,38-CL-003.jpg,38-CL-003,.jpg,19.85,7019,4962,横向,600,b2e89e466e0ea0ca9b22bba9c0253b5d
9.8校准\38-CL-004.jpg,9.8校准,,38-CL-004.jpg,38-CL-004,.jpg,20.14,7019,4962,横向,600,fef6b2864abe74f7c877e492268003fe
9.8校准\38-FX-001.jpg,9.8校准,,38-FX-001.jpg,38-FX-001,.jpg,19.75,7019,4962,横向,600,210c1a9ef24065597f034fa4ddbc1460
9.8校准\4001-001.jpg,9.8校准,,4001-001.jpg,4001-001,.jpg,20.2,7019,4962,横向,600,2935d6b982ed59281934422fe7aafa95
多样性林\9.11\182-001.jpg,多样性林,9.11,182-001.jpg,182-001,.jpg,19.91,7019,4962,横向,600,bc9951c0d9236a6eaf57e50a44d6c2ad
多样性林\9.11\182-002.jpg,多样性林,9.11,182-002.jpg,182-002,.jpg,19.5,7019,4962,横向,600,ad98cfdbbd1a787b43bfd0707c108de7
多样性林\9.11\182-003.jpg,多样性林,9.11,182-003.jpg,182-003,.jpg,20.84,7019,4962,横向,600,7efb0d99b38bf1097ece976325671ff4
多样性林\9.11\190-001.jpg,多样性林,9.11,190-001.jpg,190-001,.jpg,19.54,7019,4962,横向,600,91f78d33ab94ce7abc218dc0fefa874e
多样性林\9.11\190-002.jpg,多样性林,9.11,190-002.jpg,190-002,.jpg,19.88,7019,4962,横向,600,bc34970059d5a1ec59091c53035124f4
多样性林\9.11\190-003.jpg,多样性林,9.11,190-003.jpg,190-003,.jpg,19.79,7019,4962,横向,600,ce86ce0fd1740d760171f5f9a3102329
多样性林\9.11\207-003.jpg,多样性林,9.11,207-003.jpg,207-003,.jpg,19.01,7019,4962,横向,600,f197c81240f89bb9e7617efbb358ad22
多样性林\9.11\211-001.jpg,多样性林,9.11,211-001.jpg,211-001,.jpg,20.32,7019,4962,横向,600,8e72cb215d3da5462059c58e6c0a2002
多样性林\9.11\211-002.jpg,多样性林,9.11,211-002.jpg,211-002,.jpg,20.2,7019,4962,横向,600,922761501c09504124248135a59db6e9
多样性林\9.11\211-003.jpg,多样性林,9.11,211-003.jpg,211-003,.jpg,20.18,7019,4962,横向,600,b8f74422bb04eae3cf4d2fc726d2b31f
多样性林\9.11\218-003.jpg,多样性林,9.11,218-003.jpg,218-003,.jpg,19.13,7019,4962,横向,600,0cbdab314cd008d87c9858c6f4213bdf
多样性林\9.11\224-001.jpg,多样性林,9.11,224-001.jpg,224-001,.jpg,20.39,7019,4962,横向,600,15abd5afa2730c86a6711bc6abb2ddd2
多样性林\9.11\224-002.jpg,多样性林,9.11,224-002.jpg,224-002,.jpg,18.89,7019,4962,横向,600,ba46d30dd33c7441a2f994bfc0c23cd5
多样性林\9.11\229-002.jpg,多样性林,9.11,229-002.jpg,229-002,.jpg,18.79,7019,4962,横向,600,87002cf70dfc44b685f3fde66e3c5e19
多样性林\9.11\23-002.jpg,多样性林,9.11,23-002.jpg,23-002,.jpg,18.74,7019,4962,横向,600,4feba0bd3d98b3fbd2b4548172da06e2
多样性林\9.11\230-001.jpg,多样性林,9.11,230-001.jpg,230-001,.jpg,20.12,7019,4962,横向,600,60f5ca595fe023176460952be717c83b
多样性林\9.11\230-003.jpg,多样性林,9.11,230-003.jpg,230-003,.jpg,18.93,7019,4962,横向,600,de533e999947a54760e57254b993a240
多样性林\9.11\245-001.jpg,多样性林,9.11,245-001.jpg,245-001,.jpg,18.95,7019,4962,横向,600,43fd593d0370dbddd76ee527fb4ed9db
多样性林\9.11\245-003.jpg,多样性林,9.11,245-003.jpg,245-003,.jpg,19.02,7019,4962,横向,600,b512a0f3d44b3d435d630e3fded0575e
多样性林\9.11\258-002.jpg,多样性林,9.11,258-002.jpg,258-002,.jpg,18.9,7019,4962,横向,600,d0b992b997a7a53c8ac2ea19f6f23991
多样性林\9.11\266-002.jpg,多样性林,9.11,266-002.jpg,266-002,.jpg,19.03,7019,4962,横向,600,3f4ba1389014a55ad4050f43a3f6d4f1
多样性林\9.11\270-001.jpg,多样性林,9.11,270-001.jpg,270-001,.jpg,18.9,7019,4962,横向,600,8ed410e0f10d6cd279d73f5331010422
多样性林\9.11\270-003.jpg,多样性林,9.11,270-003.jpg,270-003,.jpg,18.92,7019,4962,横向,600,9602dd0364b35d6255793eae38aa5ad1
多样性林\9.11\275-002.jpg,多样性林,9.11,275-002.jpg,275-002,.jpg,19.1,7019,4962,横向,600,7ae25ce9b4f29e79079882a2b8004b63
多样性林\9.11\281-001.jpg,多样性林,9.11,281-001.jpg,281-001,.jpg,19.94,7019,4962,横向,600,f4b34e0f4bd0383a2d2da863c8cdbd7a
多样性林\9.11\281-003.jpg,多样性林,9.11,281-003.jpg,281-003,.jpg,19.69,7019,4962,横向,600,f8d2af2079a1923869bf03fb30ac38af
多样性林\9.11\292-002.jpg,多样性林,9.11,292-002.jpg,292-002,.jpg,19.98,7019,4962,横向,600,711da0cae126bf7ccd609df14fb546f6
多样性林\9.11\296-003.jpg,多样性林,9.11,296-003.jpg,296-003,.jpg,19.77,7019,4962,横向,600,4160fdebc320a12d52a97768378d531a
多样性林\9.11\62-001.jpg,多样性林,9.11,62-001.jpg,62-001,.jpg,18.73,7019,4962,横向,600,15632d6d06df09375314686fd514a44e
多样性林\9.11\74-003.jpg,多样性林,9.11,74-003.jpg,74-003,.jpg,18.96,7019,4962,横向,600,a74a00fe657a5811f997e0e8ec9d1140
多样性林\9.12\G120-001.jpg,多样性林,9.12,G120-001.jpg,G120-001,.jpg,17.47,7019,4962,横向,600,fbed25d226cdbe57d73c8cddd442ac89
多样性林\9.12\G120-002.jpg,多样性林,9.12,G120-002.jpg,G120-002,.jpg,17.96,7019,4962,横向,600,0b9102298e7411d0633be9ea5f5d07dd
多样性林\9.12\G120-003.jpg,多样性林,9.12,G120-003.jpg,G120-003,.jpg,17.77,7019,4962,横向,600,7e8c9bffe528b310242258faab843698
多样性林\9.12\G121-001.jpg,多样性林,9.12,G121-001.jpg,G121-001,.jpg,18.04,7019,4962,横向,600,6440e7042cdead55ab155114b3f096fc
多样性林\9.12\G121-002.jpg,多样性林,9.12,G121-002.jpg,G121-002,.jpg,18.35,7019,4962,横向,600,409b282ca108cfc06026f3a87bcd0024
多样性林\9.12\G121-003.jpg,多样性林,9.12,G121-003.jpg,G121-003,.jpg,17.77,7019,4962,横向,600,3c65155c5e24d18fa4bc438d4a072a3d
多样性林\9.12\G176-001.jpg,多样性林,9.12,G176-001.jpg,G176-001,.jpg,18.43,7019,4962,横向,600,612c232459c7e7628855f2f16807f647
多样性林\9.12\G176-002.jpg,多样性林,9.12,G176-002.jpg,G176-002,.jpg,18.16,7019,4962,横向,600,885e20b3ed6bf051fe9c5517cd7778b5
多样性林\9.12\G176-003.jpg,多样性林,9.12,G176-003.jpg,G176-003,.jpg,18.08,7019,4962,横向,600,376366026c59e9960bbdaab9e119a3bd
多样性林\9.12\G207-002.jpg,多样性林,9.12,G207-002.jpg,G207-002,.jpg,18.0,7019,4962,横向,600,4d3e375aa3534177e1ecea421eb305c4
多样性林\9.12\G218-001.jpg,多样性林,9.12,G218-001.jpg,G218-001,.jpg,17.64,7019,4962,横向,600,10c55372f42c7167d6e7f5df79ddfee4
多样性林\9.12\G218-002.jpg,多样性林,9.12,G218-002.jpg,G218-002,.jpg,17.83,7019,4962,横向,600,c205c25875f2cbef761f370cc8929076
多样性林\9.12\G225-003.jpg,多样性林,9.12,G225-003.jpg,G225-003,.jpg,18.34,7019,4962,横向,600,cce0882a91abbcffe8c59dd3f259a366
多样性林\9.12\G23-001.jpg,多样性林,9.12,G23-001.jpg,G23-001,.jpg,17.95,7019,4962,横向,600,d895916bbe91322245fbd06195e5517d
多样性林\9.12\G23-003.jpg,多样性林,9.12,G23-003.jpg,G23-003,.jpg,17.74,7019,4962,横向,600,1fad2ccc0f327cc23223b0924f90f248
多样性林\9.12\G258-001.jpg,多样性林,9.12,G258-001.jpg,G258-001,.jpg,17.96,7019,4962,横向,600,5dc1447b0cb0e0cb43634c79198c00e6
多样性林\9.12\G258-003.jpg,多样性林,9.12,G258-003.jpg,G258-003,.jpg,18.35,7019,4962,横向,600,c3c07bfb5c37fdf362a066fec1c601f6
多样性林\9.12\G27-002.jpg,多样性林,9.12,G27-002.jpg,G27-002,.jpg,18.27,7019,4962,横向,600,6742842b4417965c42eac022a099006a
多样性林\9.12\G27-003.jpg,多样性林,9.12,G27-003.jpg,G27-003,.jpg,17.89,7019,4962,横向,600,be8ca83794b946b80c39bf17a853316a
多样性林\9.12\G28-001.jpg,多样性林,9.12,G28-001.jpg,G28-001,.jpg,17.64,7019,4962,横向,600,0402745f58c56dc86287e9a96beb7e8f
多样性林\9.12\G28-002.jpg,多样性林,9.12,G28-002.jpg,G28-002,.jpg,18.05,7019,4962,横向,600,640248a397c87fd85ed603a116414d26
多样性林\9.12\G28-003.jpg,多样性林,9.12,G28-003.jpg,G28-003,.jpg,17.85,7019,4962,横向,600,70654d98cdeb073acec77fd6852afaa8
多样性林\9.12\G281-002.jpg,多样性林,9.12,G281-002.jpg,G281-002,.jpg,18.01,7019,4962,横向,600,980159cb5bb0f937c315fc739a386310
多样性林\9.12\G31-001.jpg,多样性林,9.12,G31-001.jpg,G31-001,.jpg,18.3,7019,4962,横向,600,0e78b225744dfee1a866af785341e41d
多样性林\9.12\G31-002.jpg,多样性林,9.12,G31-002.jpg,G31-002,.jpg,18.15,7019,4962,横向,600,fbad216132edfab134f3e1346c3c8524
多样性林\9.12\G31-003.jpg,多样性林,9.12,G31-003.jpg,G31-003,.jpg,18.48,7019,4962,横向,600,c16b5688537ef91655f2bbd51ac54c80
多样性林\9.12\G74-002.jpg,多样性林,9.12,G74-002.jpg,G74-002,.jpg,18.2,7019,4962,横向,600,698b5a8a75e524c558ad5a34f2cb1c72
多样性林\9.12\G80-001.jpg,多样性林,9.12,G80-001.jpg,G80-001,.jpg,18.01,7019,4962,横向,600,7326511fa025a00421401c5fd8e1e1d0
多样性林\9.12\G80-002.jpg,多样性林,9.12,G80-002.jpg,G80-002,.jpg,18.21,7019,4962,横向,600,9c1572560655874e46f0cbb8db2ac210
多样性林\9.12\G80-003.jpg,多样性林,9.12,G80-003.jpg,G80-003,.jpg,18.44,7019,4962,横向,600,e6ad23344664ecbcc40a7dae74c3ac14
多样性林\9.14\114-003.jpg,多样性林,9.14,114-003.jpg,114-003,.jpg,19.9,7019,4962,横向,600,e1bcc81e8b4b8e655f12e5a5f5f9a413
多样性林\9.14\134-001.jpg,多样性林,9.14,134-001.jpg,134-001,.jpg,20.18,7019,4962,横向,600,32d39eda33b41f03f5bc9a52ea3806fb
多样性林\9.14\134-003.jpg,多样性林,9.14,134-003.jpg,134-003,.jpg,19.71,7019,4962,横向,600,797b43b531446237e6a94957365fca4a
多样性林\9.14\146-003.jpg,多样性林,9.14,146-003.jpg,146-003,.jpg,20.2,7019,4962,横向,600,ea501d0cfd6263cbe2d5be6b954a2ed1
多样性林\9.14\166-001.jpg,多样性林,9.14,166-001.jpg,166-001,.jpg,19.87,7019,4962,横向,600,429f052a96fbaf8cec288691d892e904
多样性林\9.14\185-001.jpg,多样性林,9.14,185-001.jpg,185-001,.jpg,19.98,7019,4962,横向,600,f5b0f944fe721222611a31dbe39926fd
多样性林\9.14\185-002.jpg,多样性林,9.14,185-002.jpg,185-002,.jpg,20.08,7019,4962,横向,600,d131a354137782105d9b45934c3aa2e8
多样性林\9.14\185-003.jpg,多样性林,9.14,185-003.jpg,185-003,.jpg,20.06,7019,4962,横向,600,1f6071b3180f795c82598b5298aec3e7
多样性林\9.14\207-001.jpg,多样性林,9.14,207-001.jpg,207-001,.jpg,19.3,7019,4962,横向,600,4f9fbe8962f22ed06591fdbbab086e38
多样性林\9.14\220-001.jpg,多样性林,9.14,220-001.jpg,220-001,.jpg,19.16,7019,4962,横向,600,26712e703e6316f7d3e53cf7e2947d7d
多样性林\9.14\220-002.jpg,多样性林,9.14,220-002.jpg,220-002,.jpg,19.14,7019,4962,横向,600,fa8b748a537712667c94f123125f47f7
多样性林\9.14\225-001.jpg,多样性林,9.14,225-001.jpg,225-001,.jpg,19.33,7019,4962,横向,600,2bff589f9d88cfe48576ccc32fff2f7f
多样性林\9.14\225-002.jpg,多样性林,9.14,225-002.jpg,225-002,.jpg,19.11,7019,4962,横向,600,cf788d76ee518ccc02ae406f70d22dc3
多样性林\9.14\229-001.jpg,多样性林,9.14,229-001.jpg,229-001,.jpg,20.49,7019,4962,横向,600,01c6d1e69d9a72ff25f4c073b188dcbe
多样性林\9.14\229-003.jpg,多样性林,9.14,229-003.jpg,229-003,.jpg,20.65,7019,4962,横向,600,7079ba51f32029e7c1ef0b09d96c7389
多样性林\9.14\230-002.jpg,多样性林,9.14,230-002.jpg,230-002,.jpg,19.29,7019,4962,横向,600,7d39d99e81ca2659f0ab23f2daa2cf14
多样性林\9.14\246-001.jpg,多样性林,9.14,246-001.jpg,246-001,.jpg,19.14,7019,4962,横向,600,f567b23eb0bb9a45eaa20a0da7115a42
多样性林\9.14\246-002.jpg,多样性林,9.14,246-002.jpg,246-002,.jpg,19.15,7019,4962,横向,600,9f550f7664970f7e0c71512933abbda1
多样性林\9.14\246-003.jpg,多样性林,9.14,246-003.jpg,246-003,.jpg,19.33,7019,4962,横向,600,3a3657b5e608619763529bb0970d6b54
多样性林\9.14\266-001.jpg,多样性林,9.14,266-001.jpg,266-001,.jpg,18.96,7019,4962,横向,600,290dd756a4b1d34c31dc79c3a78aef59
多样性林\9.14\266-003.jpg,多样性林,9.14,266-003.jpg,266-003,.jpg,19.86,7019,4962,横向,600,82bde3111f60e1ab9bb3c4e37cf768dd
多样性林\9.14\270-002.jpg,多样性林,9.14,270-002.jpg,270-002,.jpg,19.9,7019,4962,横向,600,ebc9d4cae02ac83d3f9a2e9a05c7cd18
多样性林\9.14\275-001.jpg,多样性林,9.14,275-001.jpg,275-001,.jpg,19.09,7019,4962,横向,600,4ecbeae3825955370277d5b74419045b
多样性林\9.14\296-001.jpg,多样性林,9.14,296-001.jpg,296-001,.jpg,19.34,7019,4962,横向,600,c8351c44779af7635375ae0e027aa2a3
多样性林\9.14\299-002.jpg,多样性林,9.14,299-002.jpg,299-002,.jpg,19.72,7019,4962,横向,600,5c044bd26a733dadf93c02f15bea4d26
多样性林\9.14\299-003.jpg,多样性林,9.14,299-003.jpg,299-003,.jpg,19.71,7019,4962,横向,600,9db80c38386f41150a767fe27c1ecc58
多样性林\9.14\44-002.jpg,多样性林,9.14,44-002.jpg,44-002,.jpg,19.08,7019,4962,横向,600,831ac9e5fea2c2fd95789c9a2d573e43
多样性林\9.14\44-003.jpg,多样性林,9.14,44-003.jpg,44-003,.jpg,19.41,7019,4962,横向,600,459a05b820bb246229deb559bdb7c214
多样性林\9.14\74-001.jpg,多样性林,9.14,74-001.jpg,74-001,.jpg,19.78,7019,4962,横向,600,06f43e12734a304d90169507162af808
多样性林\9.14\91-001.jpg,多样性林,9.14,91-001.jpg,91-001,.jpg,19.81,7019,4962,横向,600,3bf33df110fd1ba799feb1297998d113
多样性林\9.15\114-B-002.jpg,多样性林,9.15,114-B-002.jpg,114-B-002,.jpg,18.37,7019,4962,横向,600,7285e098ad5a2cf8d38ba4042dc36432
多样性林\9.15\126-001.jpg,多样性林,9.15,126-001.jpg,126-001,.jpg,20.19,7019,4962,横向,600,4c6ccdd7c4ae347574330468db111f96
多样性林\9.15\126-002.jpg,多样性林,9.15,126-002.jpg,126-002,.jpg,20.06,7019,4962,横向,600,b1cb0470977e071a3978fbc4ec7226b4
多样性林\9.15\126-003.jpg,多样性林,9.15,126-003.jpg,126-003,.jpg,20.02,7019,4962,横向,600,83ed4ddc30eb51ee7ffa4a8807e2fc1a
多样性林\9.15\134-002.jpg,多样性林,9.15,134-002.jpg,134-002,.jpg,20.3,7019,4962,横向,600,c4e8b31a0efc5639790f19ee1e325663
多样性林\9.15\136-001.jpg,多样性林,9.15,136-001.jpg,136-001,.jpg,18.71,7019,4962,横向,600,8a468eaba0cd7375f8896cab730f5b9f
多样性林\9.15\136-002.jpg,多样性林,9.15,136-002.jpg,136-002,.jpg,18.95,7019,4962,横向,600,9baf6f22d315b7fb1235f318a7fbce24
多样性林\9.15\136-003.jpg,多样性林,9.15,136-003.jpg,136-003,.jpg,20.41,7019,4962,横向,600,7bc496e89908c842d02ece4ccd3c11da
多样性林\9.15\146-001.jpg,多样性林,9.15,146-001.jpg,146-001,.jpg,20.26,7019,4962,横向,600,6b44c77e84e2d94064a666f3be3ae09f
多样性林\9.15\146-002.jpg,多样性林,9.15,146-002.jpg,146-002,.jpg,20.27,7019,4962,横向,600,e04df814b975a4bfcf06bba4b7d571c0
多样性林\9.15\146-B-003.jpg,多样性林,9.15,146-B-003.jpg,146-B-003,.jpg,18.38,7019,4962,横向,600,44d9338d39c5ba5b0c08b205df4993b6
多样性林\9.15\160-001.jpg,多样性林,9.15,160-001.jpg,160-001,.jpg,18.49,7019,4962,横向,600,df9d04d9b56c9389dd5b72864a03d5b0
多样性林\9.15\160-002.jpg,多样性林,9.15,160-002.jpg,160-002,.jpg,18.96,7019,4962,横向,600,36c74a963353990c4a4e5922f6c4bf55
多样性林\9.15\160-003.jpg,多样性林,9.15,160-003.jpg,160-003,.jpg,18.62,7019,4962,横向,600,077c7fa80fba42a13cd4daf4c8195b5a
多样性林\9.15\162-001.jpg,多样性林,9.15,162-001.jpg,162-001,.jpg,20.14,7019,4962,横向,600,a601e1f519f5028cfae0ce5b17c31757
多样性林\9.15\162-002.jpg,多样性林,9.15,162-002.jpg,162-002,.jpg,19.9,7019,4962,横向,600,2b6a939a90627f774a44cfec83a96746
多样性林\9.15\162-B.jpg,多样性林,9.15,162-B.jpg,162-B,.jpg,18.05,7019,4962,横向,600,f6a8f0eb5091aaf1731d2fc52556ff2b
多样性林\9.15\166-002.jpg,多样性林,9.15,166-002.jpg,166-002,.jpg,20.3,7019,4962,横向,600,f6919d265f5ef7c679fc8a8812752659
多样性林\9.15\166-003.jpg,多样性林,9.15,166-003.jpg,166-003,.jpg,20.21,7019,4962,横向,600,089c5e278ad96dffd8c6114f68422969
多样性林\9.15\220-B-004.jpg,多样性林,9.15,220-B-004.jpg,220-B-004,.jpg,18.09,7019,4962,横向,600,c87802c51c57024a7e3b8a90ee52a7c3
多样性林\9.15\245-002.jpg,多样性林,9.15,245-002.jpg,245-002,.jpg,18.31,7019,4962,横向,600,5a108af0f8643127a0d0e655ea04e6a8
多样性林\9.15\299-001.jpg,多样性林,9.15,299-001.jpg,299-001,.jpg,18.38,7019,4962,横向,600,304734f16e12957af22c890cc4bac19d
多样性林\9.15\44-B.jpg,多样性林,9.15,44-B.jpg,44-B,.jpg,18.64,7019,4962,横向,600,084279187fcecf652ec2c4a30fc1c538
多样性林\9.15\52-B-002.jpg,多样性林,9.15,52-B-002.jpg,52-B-002,.jpg,18.39,7019,4962,横向,600,f5185f973ddec48e4dcf88e7c8b9aaec
多样性林\9.15\83-B.jpg,多样性林,9.15,83-B.jpg,83-B,.jpg,18.46,7019,4962,横向,600,b93ed104f44ecd48eb3e91f17886a9ae
多样性林\9.15\88-001.jpg,多样性林,9.15,88-001.jpg,88-001,.jpg,20.51,7019,4962,横向,600,6d727c24b3381b93b59648c4089b0669
多样性林\9.15\88-002.jpg,多样性林,9.15,88-002.jpg,88-002,.jpg,18.7,7019,4962,横向,600,2b4c44a30be23b2dc8253a0f77dfb16a
多样性林\9.15\88-003.jpg,多样性林,9.15,88-003.jpg,88-003,.jpg,20.09,7019,4962,横向,600,099cd9ba833d12ff72fb135a8033daf9
多样性林\9.15\90-001.jpg,多样性林,9.15,90-001.jpg,90-001,.jpg,20.32,7019,4962,横向,600,61103351a3a86859d0b9ad20f594ab84
多样性林\9.15\90-002.jpg,多样性林,9.15,90-002.jpg,90-002,.jpg,20.04,7019,4962,横向,600,8e0c0f4e0fdf7578bd12d770104772c9
多样性林\9.9\00000-001.tif,多样性林,9.9,00000-001.tif,00000-001,.tif,99.64,7019,4962,横向,600,3e831fc44f48ce1520d95f57cba5fb31
多样性林\9.9\114-001.tif,多样性林,9.9,114-001.tif,114-001,.tif,99.64,7019,4962,横向,600,33c48bc47a7b5fc49e86ffea2a04b8d2
多样性林\9.9\169-002.tif,多样性林,9.9,169-002.tif,169-002,.tif,99.64,7019,4962,横向,600,10673512330641756305171925e78d0c
多样性林\9.9\169-003.jpg,多样性林,9.9,169-003.jpg,169-003,.jpg,19.95,7019,4962,横向,600,678388825b8fc0c96fba4de9aba6f21e
多样性林\9.9\22-001.jpg,多样性林,9.9,22-001.jpg,22-001,.jpg,20.07,7019,4962,横向,600,3d00da5c945aaffea803e787617e30fc
多样性林\9.9\275-003.jpg,多样性林,9.9,275-003.jpg,275-003,.jpg,20.16,7019,4962,横向,600,8667cd471a34604773544248a11a7be1
多样性林\9.9\44-001.jpg,多样性林,9.9,44-001.jpg,44-001,.jpg,20.58,7019,4962,横向,600,fdaa3ee4ff88814f92853f94f3e28df9
多样性林\9.9\46-002.jpg,多样性林,9.9,46-002.jpg,46-002,.jpg,20.36,7019,4962,横向,600,95697709b098c0deaeb0ab12f3e5a6ba
多样性林\9.9\46-003.jpg,多样性林,9.9,46-003.jpg,46-003,.jpg,19.93,7019,4962,横向,600,7d107c34d19c8fb007c55e4d8cda4cb4
多样性林\9.9\52-001.tif,多样性林,9.9,52-001.tif,52-001,.tif,99.64,7019,4962,横向,600,d5aaca1c5b245c497930e23ac7cb0f45
多样性林\9.9\52-002.tif,多样性林,9.9,52-002.tif,52-002,.tif,99.64,7019,4962,横向,600,81fbc362d44e2377e86e7a46e6d1bf3e
多样性林\9.9\62-002.tif,多样性林,9.9,62-002.tif,62-002,.tif,99.64,7019,4962,横向,600,5d51cc823bc5e7dcae0313c49bfa084b
多样性林\9.9\62-003.tif,多样性林,9.9,62-003.tif,62-003,.tif,99.64,7019,4962,横向,600,fa459dbd37042c3b73082b7a7dfab3f9
多样性林\9.9\66-001.jpg,多样性林,9.9,66-001.jpg,66-001,.jpg,20.04,7019,4962,横向,600,f663b5528f953f3388296747a15bc734
多样性林\9.9\66-002.jpg,多样性林,9.9,66-002.jpg,66-002,.jpg,19.8,7019,4962,横向,600,795ab5b1602a7bd73a4800f5243d0fe5
多样性林\9.9\66-003.jpg,多样性林,9.9,66-003.jpg,66-003,.jpg,20.2,7019,4962,横向,600,f4aeb28c83a17a1cb3030547141554fc
多样性林\9.9\7-001.tif,多样性林,9.9,7-001.tif,7-001,.tif,99.64,7019,4962,横向,600,d8566fbef08be2f49433cb0a21bde7d6
多样性林\9.9\7-002.tif,多样性林,9.9,7-002.tif,7-002,.tif,99.64,7019,4962,横向,600,9ad62c7c1af20d6ddbda1c71fbc72c5b
多样性林\9.9\7-003.tif,多样性林,9.9,7-003.tif,7-003,.tif,99.64,7019,4962,横向,600,a6f8f34483d2db88b547a898a90bafb2
多样性林\9.9\86-001.jpg,多样性林,9.9,86-001.jpg,86-001,.jpg,20.23,7019,4962,横向,600,d6162172e2e0830e8fe110b149aad51e
多样性林\9.9\86-002.jpg,多样性林,9.9,86-002.jpg,86-002,.jpg,20.49,7019,4962,横向,600,84bbee0ea9f7a4b92b2449e065b9b5ad
多样性林\9.9\86-003.tif,多样性林,9.9,86-003.tif,86-003,.tif,99.64,7019,4962,横向,600,01ee43b447a38502457304f3e431131b
多样性林\9.9\90-003.tif,多样性林,9.9,90-003.tif,90-003,.tif,99.64,7019,4962,横向,600,3c91074af77854e79dc7a2d5312293cd
多样性林\9.9\91-002.jpg,多样性林,9.9,91-002.jpg,91-002,.jpg,19.91,7019,4962,横向,600,6bd14ada1b443b6865a3105ae38a6c4c
多样性林\9.9\91-003.tif,多样性林,9.9,91-003.tif,91-003,.tif,99.64,7019,4962,横向,600,610b05ba8e09fe37f0beea38b45ce5e9
多样性林\9.9改\00000-001.tif,多样性林,9.9改,00000-001.tif,00000-001,.tif,130.07,7019,4962,横向,600,d0b382f3209f12fb1bb88a4ae4d42568
多样性林\9.9改\22-001.tif,多样性林,9.9改,22-001.tif,22-001,.tif,145.85,7019,4962,横向,600,27392eb2aa733c0e0e07461abdf5bdd5
多样性林\9.9改\44-001.tif,多样性林,9.9改,44-001.tif,44-001,.tif,149.4,7019,4962,横向,600,42334a919e10598ccdd91aa6f3e39050
多样性林\9.9改\7-001.tif,多样性林,9.9改,7-001.tif,7-001,.tif,213.94,7019,4962,横向,600,821bd6676e0aeb090938b32606796b14
多样性林\9.9改\7-002.tif,多样性林,9.9改,7-002.tif,7-002,.tif,212.05,7019,4962,横向,600,9736a609ad6ab32d4759b9b99ab5b2a1
多样性林\9.9改\7-003.tif,多样性林,9.9改,7-003.tif,7-003,.tif,215.47,7019,4962,横向,600,bcb9b397207e7033246dd64c99f278da
