error,file
"ValueError: not enough values to unpack (expected 4, got 3)",C:\Users\<用户名>\Desktop\扫描\根系分割项目\白底根图_第二数据集\9.15\114-B-002.jpg
"ValueError: not enough values to unpack (expected 4, got 3)",C:\Users\<用户名>\Desktop\扫描\根系分割项目\白底根图_第二数据集\9.15\126-001.jpg
"ValueError: not enough values to unpack (expected 4, got 3)",C:\Users\<用户名>\Desktop\扫描\根系分割项目\白底根图_第二数据集\9.15\126-002.jpg
"ValueError: not enough values to unpack (expected 4, got 3)",C:\Users\<用户名>\Desktop\扫描\根系分割项目\白底根图_第二数据集\9.15\126-003.jpg
"ValueError: not enough values to unpack (expected 4, got 3)",C:\Users\<用户名>\Desktop\扫描\根系分割项目\白底根图_第二数据集\9.15\134-002.jpg
"ValueError: not enough values to unpack (expected 4, got 3)",C:\Users\<用户名>\Desktop\扫描\根系分割项目\白底根图_第二数据集\9.15\136-001.jpg
"ValueError: not enough values to unpack (expected 4, got 3)",C:\Users\<用户名>\Desktop\扫描\根系分割项目\白底根图_第二数据集\9.15\136-002.jpg
"ValueError: not enough values to unpack (expected 4, got 3)",C:\Users\<用户名>\Desktop\扫描\根系分割项目\白底根图_第二数据集\9.15\136-003.jpg
"ValueError: not enough values to unpack (expected 4, got 3)",C:\Users\<用户名>\Desktop\扫描\根系分割项目\白底根图_第二数据集\9.15\146-001.jpg
"ValueError: not enough values to unpack (expected 4, got 3)",C:\Users\<用户名>\Desktop\扫描\根系分割项目\白底根图_第二数据集\9.15\146-B-003.jpg
"ValueError: not enough values to unpack (expected 4, got 3)",C:\Users\<用户名>\Desktop\扫描\根系分割项目\白底根图_第二数据集\9.15\160-001.jpg
"ValueError: not enough values to unpack (expected 4, got 3)",C:\Users\<用户名>\Desktop\扫描\根系分割项目\白底根图_第二数据集\9.15\160-002.jpg
"ValueError: not enough values to unpack (expected 4, got 3)",C:\Users\<用户名>\Desktop\扫描\根系分割项目\白底根图_第二数据集\9.15\146-002.jpg
"ValueError: not enough values to unpack (expected 4, got 3)",C:\Users\<用户名>\Desktop\扫描\根系分割项目\白底根图_第二数据集\9.15\160-003.jpg
"ValueError: not enough values to unpack (expected 4, got 3)",C:\Users\<用户名>\Desktop\扫描\根系分割项目\白底根图_第二数据集\9.15\162-002.jpg
"ValueError: not enough values to unpack (expected 4, got 3)",C:\Users\<用户名>\Desktop\扫描\根系分割项目\白底根图_第二数据集\9.15\162-001.jpg
"ValueError: not enough values to unpack (expected 4, got 3)",C:\Users\<用户名>\Desktop\扫描\根系分割项目\白底根图_第二数据集\9.15\162-B.jpg
"ValueError: not enough values to unpack (expected 4, got 3)",C:\Users\<用户名>\Desktop\扫描\根系分割项目\白底根图_第二数据集\9.15\166-002.jpg
"ValueError: not enough values to unpack (expected 4, got 3)",C:\Users\<用户名>\Desktop\扫描\根系分割项目\白底根图_第二数据集\9.15\166-003.jpg
"ValueError: not enough values to unpack (expected 4, got 3)",C:\Users\<用户名>\Desktop\扫描\根系分割项目\白底根图_第二数据集\9.15\220-B-004.jpg
"ValueError: not enough values to unpack (expected 4, got 3)",C:\Users\<用户名>\Desktop\扫描\根系分割项目\白底根图_第二数据集\9.15\245-002.jpg
"ValueError: not enough values to unpack (expected 4, got 3)",C:\Users\<用户名>\Desktop\扫描\根系分割项目\白底根图_第二数据集\9.15\299-001.jpg
"ValueError: not enough values to unpack (expected 4, got 3)",C:\Users\<用户名>\Desktop\扫描\根系分割项目\白底根图_第二数据集\9.15\44-B.jpg
"ValueError: not enough values to unpack (expected 4, got 3)",C:\Users\<用户名>\Desktop\扫描\根系分割项目\白底根图_第二数据集\9.15\52-B-002.jpg
"ValueError: not enough values to unpack (expected 4, got 3)",C:\Users\<用户名>\Desktop\扫描\根系分割项目\白底根图_第二数据集\9.15\83-B.jpg
"ValueError: not enough values to unpack (expected 4, got 3)",C:\Users\<用户名>\Desktop\扫描\根系分割项目\白底根图_第二数据集\9.15\88-001.jpg
"ValueError: not enough values to unpack (expected 4, got 3)",C:\Users\<用户名>\Desktop\扫描\根系分割项目\白底根图_第二数据集\9.15\88-002.jpg
"ValueError: not enough values to unpack (expected 4, got 3)",C:\Users\<用户名>\Desktop\扫描\根系分割项目\白底根图_第二数据集\9.15\88-003.jpg
"ValueError: not enough values to unpack (expected 4, got 3)",C:\Users\<用户名>\Desktop\扫描\根系分割项目\白底根图_第二数据集\9.15\90-001.jpg
"ValueError: not enough values to unpack (expected 4, got 3)",C:\Users\<用户名>\Desktop\扫描\根系分割项目\白底根图_第二数据集\9.15\90-002.jpg
"ValueError: not enough values to unpack (expected 4, got 3)",C:\Users\<用户名>\Desktop\扫描\根系分割项目\白底根图_第二数据集\9.8校准\1001-001.jpg
"ValueError: not enough values to unpack (expected 4, got 3)",C:\Users\<用户名>\Desktop\扫描\根系分割项目\白底根图_第二数据集\9.8校准\1001-002.jpg
"ValueError: not enough values to unpack (expected 4, got 3)",C:\Users\<用户名>\Desktop\扫描\根系分割项目\白底根图_第二数据集\9.8校准\1001-003.jpg
"ValueError: not enough values to unpack (expected 4, got 3)",C:\Users\<用户名>\Desktop\扫描\根系分割项目\白底根图_第二数据集\9.8校准\13-GG-004.jpg
"ValueError: not enough values to unpack (expected 4, got 3)",C:\Users\<用户名>\Desktop\扫描\根系分割项目\白底根图_第二数据集\9.8校准\16-NS-003.jpg
"ValueError: not enough values to unpack (expected 4, got 3)",C:\Users\<用户名>\Desktop\扫描\根系分割项目\白底根图_第二数据集\9.8校准\20-CL-002.jpg
"ValueError: not enough values to unpack (expected 4, got 3)",C:\Users\<用户名>\Desktop\扫描\根系分割项目\白底根图_第二数据集\9.8校准\2005-001.jpg
"ValueError: not enough values to unpack (expected 4, got 3)",C:\Users\<用户名>\Desktop\扫描\根系分割项目\白底根图_第二数据集\9.8校准\2005-002.jpg
"ValueError: not enough values to unpack (expected 4, got 3)",C:\Users\<用户名>\Desktop\扫描\根系分割项目\白底根图_第二数据集\9.8校准\2005-003.jpg
"ValueError: not enough values to unpack (expected 4, got 3)",C:\Users\<用户名>\Desktop\扫描\根系分割项目\白底根图_第二数据集\9.8校准\21-CL-001.jpg
"ValueError: not enough values to unpack (expected 4, got 3)",C:\Users\<用户名>\Desktop\扫描\根系分割项目\白底根图_第二数据集\9.8校准\22-CL-003.jpg
"ValueError: not enough values to unpack (expected 4, got 3)",C:\Users\<用户名>\Desktop\扫描\根系分割项目\白底根图_第二数据集\9.8校准\22-MZ-001.jpg
"ValueError: not enough values to unpack (expected 4, got 3)",C:\Users\<用户名>\Desktop\扫描\根系分割项目\白底根图_第二数据集\9.8校准\22-MZ-002.jpg
"ValueError: not enough values to unpack (expected 4, got 3)",C:\Users\<用户名>\Desktop\扫描\根系分割项目\白底根图_第二数据集\9.8校准\28-CL-003.jpg
"ValueError: not enough values to unpack (expected 4, got 3)",C:\Users\<用户名>\Desktop\扫描\根系分割项目\白底根图_第二数据集\9.8校准\28-CL-004.jpg
"ValueError: not enough values to unpack (expected 4, got 3)",C:\Users\<用户名>\Desktop\扫描\根系分割项目\白底根图_第二数据集\9.8校准\28-FX-001.jpg
"ValueError: not enough values to unpack (expected 4, got 3)",C:\Users\<用户名>\Desktop\扫描\根系分割项目\白底根图_第二数据集\9.8校准\3004-001.jpg
"ValueError: not enough values to unpack (expected 4, got 3)",C:\Users\<用户名>\Desktop\扫描\根系分割项目\白底根图_第二数据集\9.8校准\3004-002.jpg
"ValueError: not enough values to unpack (expected 4, got 3)",C:\Users\<用户名>\Desktop\扫描\根系分割项目\白底根图_第二数据集\9.8校准\3004-003.jpg
"ValueError: not enough values to unpack (expected 4, got 3)",C:\Users\<用户名>\Desktop\扫描\根系分割项目\白底根图_第二数据集\9.8校准\31-CL-003.jpg
"ValueError: not enough values to unpack (expected 4, got 3)",C:\Users\<用户名>\Desktop\扫描\根系分割项目\白底根图_第二数据集\9.8校准\31-QG-001.jpg
"ValueError: not enough values to unpack (expected 4, got 3)",C:\Users\<用户名>\Desktop\扫描\根系分割项目\白底根图_第二数据集\9.8校准\32-CL-004.jpg
"ValueError: not enough values to unpack (expected 4, got 3)",C:\Users\<用户名>\Desktop\扫描\根系分割项目\白底根图_第二数据集\9.8校准\32-MZ-001.jpg
"ValueError: not enough values to unpack (expected 4, got 3)",C:\Users\<用户名>\Desktop\扫描\根系分割项目\白底根图_第二数据集\9.8校准\32-MZ-002.jpg
"ValueError: not enough values to unpack (expected 4, got 3)",C:\Users\<用户名>\Desktop\扫描\根系分割项目\白底根图_第二数据集\9.8校准\34-CL-003.jpg
"ValueError: not enough values to unpack (expected 4, got 3)",C:\Users\<用户名>\Desktop\扫描\根系分割项目\白底根图_第二数据集\9.8校准\34-CL-004.jpg
"ValueError: not enough values to unpack (expected 4, got 3)",C:\Users\<用户名>\Desktop\扫描\根系分割项目\白底根图_第二数据集\9.8校准\34-GP-001.jpg
"ValueError: not enough values to unpack (expected 4, got 3)",C:\Users\<用户名>\Desktop\扫描\根系分割项目\白底根图_第二数据集\9.8校准\36-CL-003.jpg
"ValueError: not enough values to unpack (expected 4, got 3)",C:\Users\<用户名>\Desktop\扫描\根系分割项目\白底根图_第二数据集\9.8校准\36-CL-004.jpg
"ValueError: not enough values to unpack (expected 4, got 3)",C:\Users\<用户名>\Desktop\扫描\根系分割项目\白底根图_第二数据集\9.8校准\37-MH-001.jpg
"ValueError: not enough values to unpack (expected 4, got 3)",C:\Users\<用户名>\Desktop\扫描\根系分割项目\白底根图_第二数据集\9.8校准\37-MH-002.jpg
"ValueError: not enough values to unpack (expected 4, got 3)",C:\Users\<用户名>\Desktop\扫描\根系分割项目\白底根图_第二数据集\9.8校准\38-CL-003.jpg
"ValueError: not enough values to unpack (expected 4, got 3)",C:\Users\<用户名>\Desktop\扫描\根系分割项目\白底根图_第二数据集\9.8校准\38-CL-004.jpg
"ValueError: not enough values to unpack (expected 4, got 3)",C:\Users\<用户名>\Desktop\扫描\根系分割项目\白底根图_第二数据集\9.8校准\38-FX-001.jpg
"ValueError: not enough values to unpack (expected 4, got 3)",C:\Users\<用户名>\Desktop\扫描\根系分割项目\白底根图_第二数据集\9.8校准\4001-001.jpg
"ValueError: not enough values to unpack (expected 4, got 3)",C:\Users\<用户名>\Desktop\扫描\根系分割项目\白底根图_第二数据集\多样性林\9.11\182-001.jpg
"ValueError: not enough values to unpack (expected 4, got 3)",C:\Users\<用户名>\Desktop\扫描\根系分割项目\白底根图_第二数据集\多样性林\9.11\182-002.jpg
"ValueError: not enough values to unpack (expected 4, got 3)",C:\Users\<用户名>\Desktop\扫描\根系分割项目\白底根图_第二数据集\多样性林\9.11\182-003.jpg
"ValueError: not enough values to unpack (expected 4, got 3)",C:\Users\<用户名>\Desktop\扫描\根系分割项目\白底根图_第二数据集\多样性林\9.11\190-001.jpg
"ValueError: not enough values to unpack (expected 4, got 3)",C:\Users\<用户名>\Desktop\扫描\根系分割项目\白底根图_第二数据集\多样性林\9.11\190-002.jpg
"ValueError: not enough values to unpack (expected 4, got 3)",C:\Users\<用户名>\Desktop\扫描\根系分割项目\白底根图_第二数据集\多样性林\9.11\190-003.jpg
"ValueError: not enough values to unpack (expected 4, got 3)",C:\Users\<用户名>\Desktop\扫描\根系分割项目\白底根图_第二数据集\多样性林\9.11\207-003.jpg
"ValueError: not enough values to unpack (expected 4, got 3)",C:\Users\<用户名>\Desktop\扫描\根系分割项目\白底根图_第二数据集\多样性林\9.11\211-001.jpg
"ValueError: not enough values to unpack (expected 4, got 3)",C:\Users\<用户名>\Desktop\扫描\根系分割项目\白底根图_第二数据集\多样性林\9.11\211-002.jpg
"ValueError: not enough values to unpack (expected 4, got 3)",C:\Users\<用户名>\Desktop\扫描\根系分割项目\白底根图_第二数据集\多样性林\9.11\211-003.jpg
"ValueError: not enough values to unpack (expected 4, got 3)",C:\Users\<用户名>\Desktop\扫描\根系分割项目\白底根图_第二数据集\多样性林\9.11\218-003.jpg
"ValueError: not enough values to unpack (expected 4, got 3)",C:\Users\<用户名>\Desktop\扫描\根系分割项目\白底根图_第二数据集\多样性林\9.11\224-001.jpg
"ValueError: not enough values to unpack (expected 4, got 3)",C:\Users\<用户名>\Desktop\扫描\根系分割项目\白底根图_第二数据集\多样性林\9.11\224-002.jpg
"ValueError: not enough values to unpack (expected 4, got 3)",C:\Users\<用户名>\Desktop\扫描\根系分割项目\白底根图_第二数据集\多样性林\9.11\229-002.jpg
"ValueError: not enough values to unpack (expected 4, got 3)",C:\Users\<用户名>\Desktop\扫描\根系分割项目\白底根图_第二数据集\多样性林\9.11\23-002.jpg
"ValueError: not enough values to unpack (expected 4, got 3)",C:\Users\<用户名>\Desktop\扫描\根系分割项目\白底根图_第二数据集\多样性林\9.11\230-001.jpg
"ValueError: not enough values to unpack (expected 4, got 3)",C:\Users\<用户名>\Desktop\扫描\根系分割项目\白底根图_第二数据集\多样性林\9.11\230-003.jpg
"ValueError: not enough values to unpack (expected 4, got 3)",C:\Users\<用户名>\Desktop\扫描\根系分割项目\白底根图_第二数据集\多样性林\9.11\245-001.jpg
"ValueError: not enough values to unpack (expected 4, got 3)",C:\Users\<用户名>\Desktop\扫描\根系分割项目\白底根图_第二数据集\多样性林\9.11\245-003.jpg
"ValueError: not enough values to unpack (expected 4, got 3)",C:\Users\<用户名>\Desktop\扫描\根系分割项目\白底根图_第二数据集\多样性林\9.11\258-002.jpg
"ValueError: not enough values to unpack (expected 4, got 3)",C:\Users\<用户名>\Desktop\扫描\根系分割项目\白底根图_第二数据集\多样性林\9.11\266-002.jpg
"ValueError: not enough values to unpack (expected 4, got 3)",C:\Users\<用户名>\Desktop\扫描\根系分割项目\白底根图_第二数据集\多样性林\9.11\270-001.jpg
"ValueError: not enough values to unpack (expected 4, got 3)",C:\Users\<用户名>\Desktop\扫描\根系分割项目\白底根图_第二数据集\多样性林\9.11\270-003.jpg
"ValueError: not enough values to unpack (expected 4, got 3)",C:\Users\<用户名>\Desktop\扫描\根系分割项目\白底根图_第二数据集\多样性林\9.11\275-002.jpg
"ValueError: not enough values to unpack (expected 4, got 3)",C:\Users\<用户名>\Desktop\扫描\根系分割项目\白底根图_第二数据集\多样性林\9.11\281-001.jpg
"ValueError: not enough values to unpack (expected 4, got 3)",C:\Users\<用户名>\Desktop\扫描\根系分割项目\白底根图_第二数据集\多样性林\9.11\281-003.jpg
"ValueError: not enough values to unpack (expected 4, got 3)",C:\Users\<用户名>\Desktop\扫描\根系分割项目\白底根图_第二数据集\多样性林\9.11\292-002.jpg
"ValueError: not enough values to unpack (expected 4, got 3)",C:\Users\<用户名>\Desktop\扫描\根系分割项目\白底根图_第二数据集\多样性林\9.11\296-003.jpg
"ValueError: not enough values to unpack (expected 4, got 3)",C:\Users\<用户名>\Desktop\扫描\根系分割项目\白底根图_第二数据集\多样性林\9.11\62-001.jpg
"ValueError: not enough values to unpack (expected 4, got 3)",C:\Users\<用户名>\Desktop\扫描\根系分割项目\白底根图_第二数据集\多样性林\9.11\74-003.jpg
"ValueError: not enough values to unpack (expected 4, got 3)",C:\Users\<用户名>\Desktop\扫描\根系分割项目\白底根图_第二数据集\多样性林\9.12\G120-001.jpg
"ValueError: not enough values to unpack (expected 4, got 3)",C:\Users\<用户名>\Desktop\扫描\根系分割项目\白底根图_第二数据集\多样性林\9.12\G120-002.jpg
"ValueError: not enough values to unpack (expected 4, got 3)",C:\Users\<用户名>\Desktop\扫描\根系分割项目\白底根图_第二数据集\多样性林\9.12\G120-003.jpg
"ValueError: not enough values to unpack (expected 4, got 3)",C:\Users\<用户名>\Desktop\扫描\根系分割项目\白底根图_第二数据集\多样性林\9.12\G121-001.jpg
"ValueError: not enough values to unpack (expected 4, got 3)",C:\Users\<用户名>\Desktop\扫描\根系分割项目\白底根图_第二数据集\多样性林\9.12\G121-002.jpg
"ValueError: not enough values to unpack (expected 4, got 3)",C:\Users\<用户名>\Desktop\扫描\根系分割项目\白底根图_第二数据集\多样性林\9.12\G121-003.jpg
"ValueError: not enough values to unpack (expected 4, got 3)",C:\Users\<用户名>\Desktop\扫描\根系分割项目\白底根图_第二数据集\多样性林\9.12\G176-001.jpg
"ValueError: not enough values to unpack (expected 4, got 3)",C:\Users\<用户名>\Desktop\扫描\根系分割项目\白底根图_第二数据集\多样性林\9.12\G176-002.jpg
"ValueError: not enough values to unpack (expected 4, got 3)",C:\Users\<用户名>\Desktop\扫描\根系分割项目\白底根图_第二数据集\多样性林\9.12\G176-003.jpg
"ValueError: not enough values to unpack (expected 4, got 3)",C:\Users\<用户名>\Desktop\扫描\根系分割项目\白底根图_第二数据集\多样性林\9.12\G207-002.jpg
"ValueError: not enough values to unpack (expected 4, got 3)",C:\Users\<用户名>\Desktop\扫描\根系分割项目\白底根图_第二数据集\多样性林\9.12\G218-001.jpg
"ValueError: not enough values to unpack (expected 4, got 3)",C:\Users\<用户名>\Desktop\扫描\根系分割项目\白底根图_第二数据集\多样性林\9.12\G218-002.jpg
"ValueError: not enough values to unpack (expected 4, got 3)",C:\Users\<用户名>\Desktop\扫描\根系分割项目\白底根图_第二数据集\多样性林\9.12\G225-003.jpg
"ValueError: not enough values to unpack (expected 4, got 3)",C:\Users\<用户名>\Desktop\扫描\根系分割项目\白底根图_第二数据集\多样性林\9.12\G23-001.jpg
"ValueError: not enough values to unpack (expected 4, got 3)",C:\Users\<用户名>\Desktop\扫描\根系分割项目\白底根图_第二数据集\多样性林\9.12\G23-003.jpg
"ValueError: not enough values to unpack (expected 4, got 3)",C:\Users\<用户名>\Desktop\扫描\根系分割项目\白底根图_第二数据集\多样性林\9.12\G258-001.jpg
"ValueError: not enough values to unpack (expected 4, got 3)",C:\Users\<用户名>\Desktop\扫描\根系分割项目\白底根图_第二数据集\多样性林\9.12\G258-003.jpg
"ValueError: not enough values to unpack (expected 4, got 3)",C:\Users\<用户名>\Desktop\扫描\根系分割项目\白底根图_第二数据集\多样性林\9.12\G27-002.jpg
"ValueError: not enough values to unpack (expected 4, got 3)",C:\Users\<用户名>\Desktop\扫描\根系分割项目\白底根图_第二数据集\多样性林\9.12\G27-003.jpg
"ValueError: not enough values to unpack (expected 4, got 3)",C:\Users\<用户名>\Desktop\扫描\根系分割项目\白底根图_第二数据集\多样性林\9.12\G28-001.jpg
"ValueError: not enough values to unpack (expected 4, got 3)",C:\Users\<用户名>\Desktop\扫描\根系分割项目\白底根图_第二数据集\多样性林\9.12\G28-002.jpg
"ValueError: not enough values to unpack (expected 4, got 3)",C:\Users\<用户名>\Desktop\扫描\根系分割项目\白底根图_第二数据集\多样性林\9.12\G28-003.jpg
"ValueError: not enough values to unpack (expected 4, got 3)",C:\Users\<用户名>\Desktop\扫描\根系分割项目\白底根图_第二数据集\多样性林\9.12\G281-002.jpg
"ValueError: not enough values to unpack (expected 4, got 3)",C:\Users\<用户名>\Desktop\扫描\根系分割项目\白底根图_第二数据集\多样性林\9.12\G31-001.jpg
"ValueError: not enough values to unpack (expected 4, got 3)",C:\Users\<用户名>\Desktop\扫描\根系分割项目\白底根图_第二数据集\多样性林\9.12\G31-002.jpg
"ValueError: not enough values to unpack (expected 4, got 3)",C:\Users\<用户名>\Desktop\扫描\根系分割项目\白底根图_第二数据集\多样性林\9.12\G31-003.jpg
"ValueError: not enough values to unpack (expected 4, got 3)",C:\Users\<用户名>\Desktop\扫描\根系分割项目\白底根图_第二数据集\多样性林\9.12\G74-002.jpg
"ValueError: not enough values to unpack (expected 4, got 3)",C:\Users\<用户名>\Desktop\扫描\根系分割项目\白底根图_第二数据集\多样性林\9.12\G80-001.jpg
"ValueError: not enough values to unpack (expected 4, got 3)",C:\Users\<用户名>\Desktop\扫描\根系分割项目\白底根图_第二数据集\多样性林\9.12\G80-002.jpg
"ValueError: not enough values to unpack (expected 4, got 3)",C:\Users\<用户名>\Desktop\扫描\根系分割项目\白底根图_第二数据集\多样性林\9.12\G80-003.jpg
"ValueError: not enough values to unpack (expected 4, got 3)",C:\Users\<用户名>\Desktop\扫描\根系分割项目\白底根图_第二数据集\多样性林\9.14\114-003.jpg
"ValueError: not enough values to unpack (expected 4, got 3)",C:\Users\<用户名>\Desktop\扫描\根系分割项目\白底根图_第二数据集\多样性林\9.14\134-001.jpg
"ValueError: not enough values to unpack (expected 4, got 3)",C:\Users\<用户名>\Desktop\扫描\根系分割项目\白底根图_第二数据集\多样性林\9.14\134-003.jpg
"ValueError: not enough values to unpack (expected 4, got 3)",C:\Users\<用户名>\Desktop\扫描\根系分割项目\白底根图_第二数据集\多样性林\9.14\146-003.jpg
"ValueError: not enough values to unpack (expected 4, got 3)",C:\Users\<用户名>\Desktop\扫描\根系分割项目\白底根图_第二数据集\多样性林\9.14\166-001.jpg
"ValueError: not enough values to unpack (expected 4, got 3)",C:\Users\<用户名>\Desktop\扫描\根系分割项目\白底根图_第二数据集\多样性林\9.14\185-001.jpg
"ValueError: not enough values to unpack (expected 4, got 3)",C:\Users\<用户名>\Desktop\扫描\根系分割项目\白底根图_第二数据集\多样性林\9.14\185-002.jpg
"ValueError: not enough values to unpack (expected 4, got 3)",C:\Users\<用户名>\Desktop\扫描\根系分割项目\白底根图_第二数据集\多样性林\9.14\185-003.jpg
"ValueError: not enough values to unpack (expected 4, got 3)",C:\Users\<用户名>\Desktop\扫描\根系分割项目\白底根图_第二数据集\多样性林\9.14\207-001.jpg
"ValueError: not enough values to unpack (expected 4, got 3)",C:\Users\<用户名>\Desktop\扫描\根系分割项目\白底根图_第二数据集\多样性林\9.14\220-001.jpg
"ValueError: not enough values to unpack (expected 4, got 3)",C:\Users\<用户名>\Desktop\扫描\根系分割项目\白底根图_第二数据集\多样性林\9.14\220-002.jpg
"ValueError: not enough values to unpack (expected 4, got 3)",C:\Users\<用户名>\Desktop\扫描\根系分割项目\白底根图_第二数据集\多样性林\9.14\225-001.jpg
"ValueError: not enough values to unpack (expected 4, got 3)",C:\Users\<用户名>\Desktop\扫描\根系分割项目\白底根图_第二数据集\多样性林\9.14\225-002.jpg
"ValueError: not enough values to unpack (expected 4, got 3)",C:\Users\<用户名>\Desktop\扫描\根系分割项目\白底根图_第二数据集\多样性林\9.14\229-001.jpg
"ValueError: not enough values to unpack (expected 4, got 3)",C:\Users\<用户名>\Desktop\扫描\根系分割项目\白底根图_第二数据集\多样性林\9.14\229-003.jpg
"ValueError: not enough values to unpack (expected 4, got 3)",C:\Users\<用户名>\Desktop\扫描\根系分割项目\白底根图_第二数据集\多样性林\9.14\230-002.jpg
"ValueError: not enough values to unpack (expected 4, got 3)",C:\Users\<用户名>\Desktop\扫描\根系分割项目\白底根图_第二数据集\多样性林\9.14\246-001.jpg
"ValueError: not enough values to unpack (expected 4, got 3)",C:\Users\<用户名>\Desktop\扫描\根系分割项目\白底根图_第二数据集\多样性林\9.14\246-002.jpg
"ValueError: not enough values to unpack (expected 4, got 3)",C:\Users\<用户名>\Desktop\扫描\根系分割项目\白底根图_第二数据集\多样性林\9.14\246-003.jpg
"ValueError: not enough values to unpack (expected 4, got 3)",C:\Users\<用户名>\Desktop\扫描\根系分割项目\白底根图_第二数据集\多样性林\9.14\266-001.jpg
"ValueError: not enough values to unpack (expected 4, got 3)",C:\Users\<用户名>\Desktop\扫描\根系分割项目\白底根图_第二数据集\多样性林\9.14\266-003.jpg
"ValueError: not enough values to unpack (expected 4, got 3)",C:\Users\<用户名>\Desktop\扫描\根系分割项目\白底根图_第二数据集\多样性林\9.14\270-002.jpg
"ValueError: not enough values to unpack (expected 4, got 3)",C:\Users\<用户名>\Desktop\扫描\根系分割项目\白底根图_第二数据集\多样性林\9.14\275-001.jpg
"ValueError: not enough values to unpack (expected 4, got 3)",C:\Users\<用户名>\Desktop\扫描\根系分割项目\白底根图_第二数据集\多样性林\9.14\296-001.jpg
"ValueError: not enough values to unpack (expected 4, got 3)",C:\Users\<用户名>\Desktop\扫描\根系分割项目\白底根图_第二数据集\多样性林\9.14\299-002.jpg
"ValueError: not enough values to unpack (expected 4, got 3)",C:\Users\<用户名>\Desktop\扫描\根系分割项目\白底根图_第二数据集\多样性林\9.14\299-003.jpg
"ValueError: not enough values to unpack (expected 4, got 3)",C:\Users\<用户名>\Desktop\扫描\根系分割项目\白底根图_第二数据集\多样性林\9.14\44-002.jpg
"ValueError: not enough values to unpack (expected 4, got 3)",C:\Users\<用户名>\Desktop\扫描\根系分割项目\白底根图_第二数据集\多样性林\9.14\44-003.jpg
"ValueError: not enough values to unpack (expected 4, got 3)",C:\Users\<用户名>\Desktop\扫描\根系分割项目\白底根图_第二数据集\多样性林\9.14\74-001.jpg
"ValueError: not enough values to unpack (expected 4, got 3)",C:\Users\<用户名>\Desktop\扫描\根系分割项目\白底根图_第二数据集\多样性林\9.14\91-001.jpg
"ValueError: not enough values to unpack (expected 4, got 3)",C:\Users\<用户名>\Desktop\扫描\根系分割项目\白底根图_第二数据集\多样性林\9.9\00000-001.jpg
"ValueError: not enough values to unpack (expected 4, got 3)",C:\Users\<用户名>\Desktop\扫描\根系分割项目\白底根图_第二数据集\多样性林\9.9\114-001.jpg
"ValueError: not enough values to unpack (expected 4, got 3)",C:\Users\<用户名>\Desktop\扫描\根系分割项目\白底根图_第二数据集\多样性林\9.9\169-002.jpg
"ValueError: not enough values to unpack (expected 4, got 3)",C:\Users\<用户名>\Desktop\扫描\根系分割项目\白底根图_第二数据集\多样性林\9.9\169-003.jpg
"ValueError: not enough values to unpack (expected 4, got 3)",C:\Users\<用户名>\Desktop\扫描\根系分割项目\白底根图_第二数据集\多样性林\9.9\22-001.jpg
"ValueError: not enough values to unpack (expected 4, got 3)",C:\Users\<用户名>\Desktop\扫描\根系分割项目\白底根图_第二数据集\多样性林\9.9\275-003.jpg
"ValueError: not enough values to unpack (expected 4, got 3)",C:\Users\<用户名>\Desktop\扫描\根系分割项目\白底根图_第二数据集\多样性林\9.9\44-001.jpg
"ValueError: not enough values to unpack (expected 4, got 3)",C:\Users\<用户名>\Desktop\扫描\根系分割项目\白底根图_第二数据集\多样性林\9.9\46-002.jpg
"ValueError: not enough values to unpack (expected 4, got 3)",C:\Users\<用户名>\Desktop\扫描\根系分割项目\白底根图_第二数据集\多样性林\9.9\46-003.jpg
"ValueError: not enough values to unpack (expected 4, got 3)",C:\Users\<用户名>\Desktop\扫描\根系分割项目\白底根图_第二数据集\多样性林\9.9\52-001.jpg
"ValueError: not enough values to unpack (expected 4, got 3)",C:\Users\<用户名>\Desktop\扫描\根系分割项目\白底根图_第二数据集\多样性林\9.9\52-002.jpg
"ValueError: not enough values to unpack (expected 4, got 3)",C:\Users\<用户名>\Desktop\扫描\根系分割项目\白底根图_第二数据集\多样性林\9.9\62-002.jpg
"ValueError: not enough values to unpack (expected 4, got 3)",C:\Users\<用户名>\Desktop\扫描\根系分割项目\白底根图_第二数据集\多样性林\9.9\62-003.jpg
"ValueError: not enough values to unpack (expected 4, got 3)",C:\Users\<用户名>\Desktop\扫描\根系分割项目\白底根图_第二数据集\多样性林\9.9\66-001.jpg
"ValueError: not enough values to unpack (expected 4, got 3)",C:\Users\<用户名>\Desktop\扫描\根系分割项目\白底根图_第二数据集\多样性林\9.9\66-002.jpg
"ValueError: not enough values to unpack (expected 4, got 3)",C:\Users\<用户名>\Desktop\扫描\根系分割项目\白底根图_第二数据集\多样性林\9.9\66-003.jpg
"ValueError: not enough values to unpack (expected 4, got 3)",C:\Users\<用户名>\Desktop\扫描\根系分割项目\白底根图_第二数据集\多样性林\9.9\7-001.jpg
"ValueError: not enough values to unpack (expected 4, got 3)",C:\Users\<用户名>\Desktop\扫描\根系分割项目\白底根图_第二数据集\多样性林\9.9\7-002.jpg
"ValueError: not enough values to unpack (expected 4, got 3)",C:\Users\<用户名>\Desktop\扫描\根系分割项目\白底根图_第二数据集\多样性林\9.9\7-003.jpg
"ValueError: not enough values to unpack (expected 4, got 3)",C:\Users\<用户名>\Desktop\扫描\根系分割项目\白底根图_第二数据集\多样性林\9.9\86-001.jpg
"ValueError: not enough values to unpack (expected 4, got 3)",C:\Users\<用户名>\Desktop\扫描\根系分割项目\白底根图_第二数据集\多样性林\9.9\86-002.jpg
"ValueError: not enough values to unpack (expected 4, got 3)",C:\Users\<用户名>\Desktop\扫描\根系分割项目\白底根图_第二数据集\多样性林\9.9\86-003.jpg
"ValueError: not enough values to unpack (expected 4, got 3)",C:\Users\<用户名>\Desktop\扫描\根系分割项目\白底根图_第二数据集\多样性林\9.9\90-003.jpg
"ValueError: not enough values to unpack (expected 4, got 3)",C:\Users\<用户名>\Desktop\扫描\根系分割项目\白底根图_第二数据集\多样性林\9.9\91-002.jpg
"ValueError: not enough values to unpack (expected 4, got 3)",C:\Users\<用户名>\Desktop\扫描\根系分割项目\白底根图_第二数据集\多样性林\9.9\91-003.jpg
